filename,component_id,hausdorff_distance_95th,overlap_percentage,component_size,overall_hausdorff_distance_95th,average_symmetric_surface_distance,overall_average_symmetric_surface_distance,dice_score,overall_dice_score
colon_0152-prone.mha,1,1.0,99.8172975420146,1365061,1.0,0.40142685174942017,0.40142685174942017,0.9767042994499207,0.9767042994499207
colon_0155-prone.mha,1,154.74171447753906,99.7434294786833,716762,1.4142135381698608,46.93777847290039,0.7336615324020386,0.5844338536262512,0.9540518522262573
colon_0155-prone.mha,2,174.2803497314453,96.27507748169714,930865,1.4142135381698608,28.056291580200195,0.7336615324020386,0.6736627221107483,0.9540518522262573
colon_0404-supine.mha,1,1.0,97.00882319101916,2338043,1.0,0.42338284850120544,0.42338284850120544,0.9817508459091187,0.9817508459091187
colon_0109-prone.mha,1,264.3837585449219,98.96395826040325,268522,1.0,119.8548812866211,0.3582735061645508,0.413982629776001,0.9742924571037292
colon_0109-prone.mha,2,209.48243713378906,98.54668599848499,291747,1.0,66.96280670166016,0.3582735061645508,0.4399336874485016,0.9742924571037292
colon_0109-prone.mha,3,188.64251708984375,99.07821104313511,425477,1.0,59.87962341308594,0.3582735061645508,0.5851773023605347,0.9742924571037292
colon_0540-prone.mha,1,3.1622776985168457,90.89952132841954,1416420,3.1622776985168457,0.7479702830314636,0.7479702830314636,0.9495639801025391,0.9495639801025391
colon_0468-prone.mha,1,1.0,96.62811468050934,1609515,1.0,0.3035161793231964,0.3035161793231964,0.9784239530563354,0.9784239530563354
colon_0293-supine.mha,1,1.0,98.97190911526937,2298824,1.0,0.36745133996009827,0.36745133996009827,0.9759883880615234,0.9759883880615234
colon_0234-supine.mha,1,370.5745544433594,89.91431319401941,22874,1.0,227.81065368652344,0.3257826566696167,0.043808091431856155,0.974048376083374
colon_0234-supine.mha,2,1.0,99.2197910497483,864512,1.0,0.8678737878799438,0.3257826566696167,0.9634600281715393,0.974048376083374
colon_0028-supine.mha,1,215.90969848632812,95.27490763353998,319380,6.480740547180176,97.89533233642578,0.8843759894371033,0.23376932740211487,0.9663258194923401
colon_0028-supine.mha,2,111.3418197631836,96.78277134624135,1780290,6.480740547180176,11.93858814239502,0.8843759894371033,0.8478904962539673,0.9663258194923401
colon_0028-supine.mha,3,178.01763916015625,96.44172299986205,188462,6.480740547180176,76.09291076660156,0.8843759894371033,0.14702744781970978,0.9663258194923401
colon_0276-supine.mha,1,5.385164737701416,94.35539951411751,2121089,5.385164737701416,0.7817781567573547,0.7817781567573547,0.9696295857429504,0.9696295857429504
colon_0243-supine.mha,1,263.6247253417969,96.83919399446859,37965,1.0,184.0326385498047,0.371001660823822,0.05474436283111572,0.9738776087760925
colon_0243-supine.mha,2,10.770329475402832,99.26850191190725,1220509,1.0,1.4338511228561401,0.371001660823822,0.9594036936759949,0.9738776087760925
colon_0449-supine.mha,1,1.0,99.67663271487896,1500461,1.0,0.41671186685562134,0.41671186685562134,0.9748795628547668,0.9748795628547668
colon_0174-prone.mha,1,1.0,99.67857301368167,1284273,1.0,0.4826280176639557,0.4826280176639557,0.9704773426055908,0.9704773426055908
colon_0633-supine.mha,1,1.0,97.3139419971344,1916526,1.0,0.33611464500427246,0.33611464500427246,0.9829984903335571,0.9829984903335571
colon_0436-prone.mha,1,1.4142135381698608,95.46043893096355,1199323,1.4142135381698608,0.50529944896698,0.50529944896698,0.9641804695129395,0.9641804695129395
colon_0435-prone.mha,1,246.96182250976562,99.82537431507723,274301,1.0,97.97035217285156,0.4412460923194885,0.3254941999912262,0.9722005724906921
colon_0435-prone.mha,2,45.27692413330078,99.2285913394933,1074787,1.0,3.355145215988159,0.4412460923194885,0.8590431213378906,0.9722005724906921
colon_0237-supine.mha,1,1.0,99.35760295793317,1204084,1.0,0.3637305200099945,0.3637305200099945,0.9727849960327148,0.9727849960327148
colon_0038-prone.mha,1,1.4142135381698608,96.30337501639556,1761147,1.4142135381698608,0.39354318380355835,0.39354318380355835,0.9785839319229126,0.9785839319229126
colon_0825-prone.mha,1,7.071067810058594,94.30976252899444,2647060,7.071067810058594,0.9082016944885254,0.9082016944885254,0.9688295722007751,0.9688295722007751
colon_0678-prone.mha,1,1.0,98.4987358861239,4364322,28.670541763305664,0.2990495264530182,1.6732810735702515,0.9868978261947632,0.9677358269691467
colon_0678-prone.mha,2,274.3500061035156,0.0,81814,28.670541763305664,157.1337127685547,1.6732810735702515,0.0,0.9677358269691467
colon_0678-prone.mha,3,295.2303161621094,0.0,1803,28.670541763305664,191.2444305419922,1.6732810735702515,0.0,0.9677358269691467
colon_0678-prone.mha,4,276.5536804199219,0.0,88883,28.670541763305664,140.15060424804688,1.6732810735702515,0.0,0.9677358269691467
colon_0201-prone.mha,1,1.0,99.72350150599925,2424968,1.0,0.4315365254878998,0.4315365254878998,0.9777750372886658,0.9777750372886658
colon_0107-supine.mha,1,1.0,99.40868438519598,1321291,1.0,0.37144094705581665,0.37144094705581665,0.9755340218544006,0.9755340218544006
colon_0294-supine.mha,1,5.385164737701416,94.42775079252569,1839688,5.385164737701416,0.8005449175834656,0.8005449175834656,0.9701080918312073,0.9701080918312073
colon_0541-supine.mha,1,1.0,97.33489419468498,2001459,1.0,0.32632917165756226,0.32632917165756226,0.9821192622184753,0.9821192622184753
colon_0620-supine.mha,1,1.0,97.7513399878353,2540135,1.0,0.271575391292572,0.271575391292572,0.9850406050682068,0.9850406050682068
colon_0132-supine.mha,1,1.0,99.62424212249957,2892288,1.0,0.386187881231308,0.386187881231308,0.9805604219436646,0.9805604219436646
colon_0108-prone.mha,1,133.8992156982422,99.48742936750345,1063073,1.0,24.762311935424805,0.4005531966686249,0.687497615814209,0.9711387157440186
colon_0108-prone.mha,2,177.8229522705078,99.5615313736303,854109,1.0,44.756927490234375,0.4005531966686249,0.5930487513542175,0.9711387157440186
colon_0108-prone.mha,3,317.5310974121094,98.79603399433428,1412,1.0,181.52085876464844,0.4005531966686249,0.0013845645589753985,0.9711387157440186
colon_0263-supine.mha,1,277.6802062988281,97.53712084377455,160422,1.0,97.40979766845703,0.4033612012863159,0.41569575667381287,0.953481912612915
colon_0263-supine.mha,2,216.73289489746094,95.93595479161762,127410,1.0,76.71289825439453,0.4033612012863159,0.3396262526512146,0.953481912612915
colon_0263-supine.mha,3,247.67953491210938,90.82319255547601,6985,1.0,140.84629821777344,0.4033612012863159,0.02116861194372177,0.953481912612915
colon_0263-supine.mha,4,222.28135681152344,81.28425612918048,60938,1.0,118.8547592163086,0.4033612012863159,0.1516321748495102,0.953481912612915
colon_0263-supine.mha,5,239.53976440429688,96.00349482821791,35481,1.0,135.21165466308594,0.4033612012863159,0.10850266367197037,0.953481912612915
colon_0263-supine.mha,6,264.9323425292969,91.94157029823494,8215,1.0,172.6339874267578,0.4033612012863159,0.02515118010342121,0.953481912612915
colon_0263-supine.mha,7,286.1805419921875,96.69956785489663,197156,1.0,97.02311706542969,0.4033612012863159,0.4829314053058624,0.953481912612915
colon_0208-supine.mha,1,5.0,93.76333069715052,1335264,5.0,0.7649014592170715,0.7649014592170715,0.9664446711540222,0.9664446711540222
colon_0649-supine.mha,1,1.0,97.02472365825768,3242724,1.0,0.36787378787994385,0.36787378787994385,0.982019305229187,0.982019305229187
colon_0052-supine.mha,1,1.0,96.6538255238743,1105561,1.0,0.326602578163147,0.326602578163147,0.980548083782196,0.980548083782196
colon_0182-prone.mha,1,1.0,95.72554507781085,1692052,1.0,0.38893356919288635,0.38893356919288635,0.9758493900299072,0.9758493900299072
colon_0122-prone.mha,1,1.0,99.34072925140961,1420964,1.0,0.35466620326042175,0.35466620326042175,0.9744502902030945,0.9744502902030945
colon_0349-prone.mha,1,1.0,98.0422823085716,2439933,1.0,0.2572072446346283,0.2572072446346283,0.9869420528411865,0.9869420528411865
colon_0406-supine.mha,1,208.66481018066406,98.96122034786025,137469,1.0,113.7282943725586,0.38726750016212463,0.15083923935890198,0.9758614897727966
colon_0406-supine.mha,2,51.77837371826172,99.43849350578103,1458220,1.0,3.5442192554473877,0.38726750016212463,0.928157389163971,0.9758614897727966
colon_0406-supine.mha,3,213.7755889892578,92.91439563962808,6238,1.0,122.0865707397461,0.38726750016212463,0.00693070562556386,0.9758614897727966
colon_0406-supine.mha,4,207.68312072753906,76.48251393816523,1973,1.0,128.69644165039062,0.38726750016212463,0.0018090357771143317,0.9758614897727966
colon_0406-supine.mha,5,202.4722137451172,97.20116618075801,1715,1.0,124.103515625,0.38726750016212463,0.0019987602718174458,0.9758614897727966
colon_0406-supine.mha,6,219.1908721923828,98.64253393665159,2873,1.0,126.47102355957031,0.38726750016212463,0.003395654959604144,0.9758614897727966
colon_0162-prone.mha,1,1.0,98.85035849544042,2434759,1.0,0.25778764486312866,0.25778764486312866,0.9862143993377686,0.9862143993377686
colon_0080-prone.mha,1,256.6652526855469,99.59999658845705,351747,1.0,127.70990753173828,0.6482638716697693,0.39192721247673035,0.9708995819091797
colon_0080-prone.mha,2,252.79843139648438,91.09017311958286,43727,1.0,126.56388092041016,0.6482638716697693,0.05383436754345894,0.9708995819091797
colon_0080-prone.mha,3,204.69500732421875,99.31579945657018,437591,1.0,80.23540496826172,0.6482638716697693,0.4639103412628174,0.9708995819091797
colon_0080-prone.mha,4,250.05227661132812,98.32676930421292,41895,1.0,137.45352172851562,0.6482638716697693,0.05574557185173035,0.9708995819091797
colon_0080-prone.mha,5,228.33966064453125,99.4772501144996,506552,1.0,79.85396575927734,0.6482638716697693,0.5187970995903015,0.9708995819091797
colon_0080-prone.mha,6,233.59365844726562,0.0,1944,1.0,144.5961151123047,0.6482638716697693,0.0,0.9708995819091797
colon_0080-prone.mha,7,238.2271728515625,0.0,2359,1.0,138.3151397705078,0.6482638716697693,0.0,0.9708995819091797
colon_0219-supine.mha,1,275.53973388671875,99.4481384768622,74294,1.0,129.6048126220703,0.3318867087364197,0.14481648802757263,0.9794883728027344
colon_0219-supine.mha,2,74.85517120361328,99.35484133298455,737803,1.0,7.7839765548706055,0.3318867087364197,0.870654284954071,0.9794883728027344
colon_0219-supine.mha,3,170.5461883544922,99.31280744660077,107539,1.0,75.32964324951172,0.3318867087364197,0.2027284801006317,0.9794883728027344
colon_0075-prone.mha,1,1.0,98.77955912159052,1792467,1.0,0.4200075566768646,0.4200075566768646,0.9730291366577148,0.9730291366577148
colon_0234-prone.mha,1,335.0703430175781,99.8983103430446,174059,1.4142135381698608,138.78402709960938,1.314151644706726,0.4107961356639862,0.9391985535621643
colon_0234-prone.mha,2,218.08782958984375,98.78261439383735,274687,1.4142135381698608,63.502140045166016,1.314151644706726,0.5729437470436096,0.9391985535621643
colon_0234-prone.mha,3,250.68905639648438,99.98224747026453,5633,1.4142135381698608,182.7699737548828,1.314151644706726,0.01661026105284691,0.9391985535621643
colon_0234-prone.mha,4,246.21421813964844,0.0,11863,1.4142135381698608,180.09283447265625,1.314151644706726,0.0,0.9391985535621643
colon_0234-prone.mha,5,256.2889099121094,100.0,157032,1.4142135381698608,126.28172302246094,1.314151644706726,0.37860292196273804,0.9391985535621643
colon_0234-prone.mha,6,332.8677978515625,97.5,1200,1.4142135381698608,179.34735107421875,1.314151644706726,0.0034733458887785673,0.9391985535621643
colon_0605-prone.mha,1,1.4142135381698608,96.88784352476128,2865987,1.4142135381698608,0.450502872467041,0.450502872467041,0.979276180267334,0.979276180267334
colon_0430-prone.mha,1,136.89047241210938,99.70610603531036,882291,1.0,29.794063568115234,0.38176873326301575,0.6422004103660583,0.9767311811447144
colon_0430-prone.mha,2,162.9965057373047,99.7506771936296,900038,1.0,42.13008117675781,0.38176873326301575,0.6511926054954529,0.9767311811447144
colon_0114-prone.mha,1,1.0,99.00374874059696,2324514,1.0,0.38430461287498474,0.38430461287498474,0.9780634641647339,0.9780634641647339
colon_0807-supine.mha,1,1.4142135381698608,94.85583825615808,1884758,1.4142135381698608,0.4498967230319977,0.4498967230319977,0.971312403678894,0.971312403678894
colon_0746-supine.mha,1,4.690415859222412,95.86345652152986,2596975,4.690415859222412,0.6831605434417725,0.6831605434417725,0.9776094555854797,0.9776094555854797
colon_0122-supine.mha,1,331.2068786621094,100.0,62380,1.0,180.84764099121094,0.380726158618927,0.08033902943134308,0.9729077816009521
colon_0122-supine.mha,2,6.78233003616333,99.42997333427128,1364673,1.0,1.3080147504806519,0.380726158618927,0.950468122959137,0.9729077816009521
colon_0023-supine.mha,1,219.58596801757812,97.0667432313936,128867,2.4494898319244385,140.2805938720703,0.7343127727508545,0.21151962876319885,0.9601670503616333
colon_0023-supine.mha,2,218.95433044433594,20.49205854873871,3211,2.4494898319244385,150.88331604003906,0.7343127727508545,0.0012449270579963923,0.9601670503616333
colon_0023-supine.mha,3,143.29689025878906,94.88422976326201,954304,2.4494898319244385,9.064413070678711,0.7343127727508545,0.9017943143844604,0.9601670503616333
colon_0023-supine.mha,4,221.23516845703125,0.0,1534,2.4494898319244385,149.1764678955078,0.7343127727508545,0.0,0.9601670503616333
colon_0023-supine.mha,5,213.3582763671875,0.0,3939,2.4494898319244385,150.2301025390625,0.7343127727508545,0.0,0.9601670503616333
colon_0023-supine.mha,6,220.09486389160156,0.0,2286,2.4494898319244385,144.13571166992188,0.7343127727508545,0.0,0.9601670503616333
colon_0438-supine.mha,1,1.0,99.67514229194356,2437067,1.0,0.44076722860336304,0.44076722860336304,0.9791266322135925,0.9791266322135925
colon_0274-prone.mha,1,1.0,96.16956308282211,1372846,1.0,0.32008540630340576,0.32008540630340576,0.9753427505493164,0.9753427505493164
colon_0272-supine.mha,1,1.0,98.10276554685562,1136918,1.0,0.2962550222873688,0.2962550222873688,0.9742017388343811,0.9742017388343811
colon_0126-supine.mha,1,196.1326141357422,99.9989364643822,188052,1.0,73.17414093017578,0.4195832908153534,0.481976181268692,0.9627991914749146
colon_0126-supine.mha,2,146.01370239257812,99.08457507227504,282601,1.0,37.256019592285156,0.4195832908153534,0.6401212215423584,0.9627991914749146
colon_0126-supine.mha,3,206.67147827148438,100.0,1068,1.0,146.89903259277344,0.4195832908153534,0.0035999291576445103,0.9627991914749146
colon_0126-supine.mha,4,202.31658935546875,100.0,9184,1.0,136.5191192626953,0.4195832908153534,0.030538970604538918,0.9627991914749146
colon_0126-supine.mha,5,238.4852294921875,98.70400675711345,75772,1.0,121.88677978515625,0.4195832908153534,0.22390572726726532,0.9627991914749146
colon_0468-supine.mha,1,1.0,96.85065956504576,1996164,1.0,0.32873207330703735,0.32873207330703735,0.9810597896575928,0.9810597896575928
colon_0642-prone.mha,1,2.0,95.88733556442078,2007093,2.0,0.5802685618400574,0.5802685618400574,0.9639589786529541,0.9639589786529541
colon_0123-supine.mha,1,240.59451293945312,98.62741161224378,164361,1.0,109.57495880126953,0.4112904369831085,0.31548064947128296,0.9603352546691895
colon_0123-supine.mha,2,197.86106872558594,96.82438192668373,121992,1.0,87.28583526611328,0.4112904369831085,0.23976023495197296,0.9603352546691895
colon_0123-supine.mha,3,157.94619750976562,95.56347784712699,571664,1.0,27.187421798706055,0.4112904369831085,0.7614108324050903,0.9603352546691895
colon_0145-prone.mha,1,1.4142135381698608,95.08587565390492,1555272,1.4142135381698608,0.4737807810306549,0.4737807810306549,0.9731903672218323,0.9731903672218323
colon_0253-supine.mha,1,342.2674255371094,96.86129841855401,66142,42.30839157104492,215.63673400878906,1.936873197555542,0.1522616744041443,0.960969865322113
colon_0253-supine.mha,2,212.3040313720703,96.27898890492799,189814,42.30839157104492,82.11207580566406,1.936873197555542,0.3786812424659729,0.960969865322113
colon_0253-supine.mha,3,286.6627502441406,99.11390595969701,6997,42.30839157104492,182.88800048828125,1.936873197555542,0.017727958038449287,0.960969865322113
colon_0253-supine.mha,4,304.0037841796875,94.18787719758593,7622,42.30839157104492,197.1896209716797,1.936873197555542,0.01833704672753811,0.960969865322113
colon_0253-supine.mha,5,207.18263244628906,0.0,13263,42.30839157104492,132.37710571289062,1.936873197555542,0.0,0.960969865322113
colon_0253-supine.mha,6,217.74755859375,97.85553002536234,503108,42.30839157104492,39.83273696899414,1.936873197555542,0.7701563835144043,0.960969865322113
colon_0253-supine.mha,7,236.13818359375,0.0,5358,42.30839157104492,136.57908630371094,1.936873197555542,0.0,0.960969865322113
colon_0022-supine.mha,1,6.928203105926514,92.91946389253853,3333660,6.928203105926514,0.95918869972229,0.95918869972229,0.9619576334953308,0.9619576334953308
colon_0783-supine.mha,1,6.4031243324279785,95.72163832786636,2619671,6.4031243324279785,0.8045576214790344,0.8045576214790344,0.9768320918083191,0.9768320918083191
colon_0448-prone.mha,1,1.0,99.61348233602435,1520241,1.0,0.41185900568962097,0.41185900568962097,0.9766656160354614,0.9766656160354614
colon_0768-prone.mha,1,1.0,96.9366672881014,2349402,3.0,0.37694305181503296,0.8703612685203552,0.9793803691864014,0.9667748212814331
colon_0768-prone.mha,2,270.716064453125,0.0,60640,3.0,139.3140869140625,0.8703612685203552,0.0,0.9667748212814331
colon_0726-supine.mha,1,3.316624879837036,96.80736173505468,2162099,3.316624879837036,0.5322889089584351,0.5322889089584351,0.9809913039207458,0.9809913039207458
colon_0199-prone.mha,1,236.99472045898438,99.82104327960401,157580,17.492855072021484,89.67342376708984,1.9783114194869995,0.3034687042236328,0.9218210577964783
colon_0199-prone.mha,2,257.2566833496094,0.0,11568,17.492855072021484,120.44522857666016,1.9783114194869995,0.0,0.9218210577964783
colon_0199-prone.mha,3,244.5526580810547,0.0,6410,17.492855072021484,132.2577362060547,1.9783114194869995,0.0,0.9218210577964783
colon_0199-prone.mha,4,137.0,98.98187074422601,475971,17.492855072021484,36.547542572021484,1.9783114194869995,0.6953576803207397,0.9218210577964783
colon_0199-prone.mha,5,187.53932189941406,0.0,67337,17.492855072021484,80.170654296875,1.9783114194869995,0.0,0.9218210577964783
colon_0199-prone.mha,6,190.66725158691406,99.74042397417551,180294,17.492855072021484,90.17729187011719,1.9783114194869995,0.3394925892353058,0.9218210577964783
colon_0199-prone.mha,7,246.82281494140625,99.72155363632073,21189,17.492855072021484,147.14186096191406,1.9783114194869995,0.046941161155700684,0.9218210577964783
colon_0161-supine.mha,1,3.7416574954986572,95.38712078845234,2742994,3.7416574954986572,0.6684533357620239,0.6684533357620239,0.9745075106620789,0.9745075106620789
colon_0758-supine.mha,1,1.4142135381698608,97.57851467008527,1926710,1.4142135381698608,0.42849624156951904,0.42849624156951904,0.9765938520431519,0.9765938520431519
colon_0442-prone.mha,1,1.0,99.26592059311066,1067187,1.0,0.2819684147834778,0.2819684147834778,0.9782294034957886,0.9782294034957886
colon_0256-supine.mha,1,254.66400146484375,98.9830738672054,58903,21.095022201538086,150.37596130371094,1.2925504446029663,0.09064507484436035,0.96492999792099
colon_0256-supine.mha,2,23.853721618652344,99.71505371574568,1127230,21.095022201538086,1.663293480873108,1.2925504446029663,0.9546809792518616,0.96492999792099
colon_0256-supine.mha,3,180.67581176757812,0.0,36932,21.095022201538086,98.22528076171875,1.2925504446029663,0.0,0.96492999792099
colon_0415-supine.mha,1,1.0,99.77198171924397,1730563,1.0,0.38794130086898804,0.38794130086898804,0.9773404002189636,0.9773404002189636
colon_0228-prone.mha,1,98.0866928100586,96.86604630143178,2434050,1.0,5.8395771980285645,0.4141872525215149,0.9204562306404114,0.9811855554580688
colon_0228-prone.mha,2,278.65570068359375,97.3504321263597,322128,1.0,125.05501556396484,0.4141872525215149,0.20828993618488312,0.9811855554580688
colon_0094-supine.mha,1,1.0,99.59893942237784,2317605,1.0,0.4168015420436859,0.4168015420436859,0.9768753051757812,0.9768753051757812
colon_0123-prone.mha,1,218.44700622558594,98.31120595147742,272739,1.0,77.89949798583984,0.439810186624527,0.45289522409439087,0.9607663154602051
colon_0123-prone.mha,2,154.46359252929688,94.71239694985634,640101,1.0,23.84264373779297,0.439810186624527,0.7815354466438293,0.9607663154602051
colon_0123-prone.mha,3,247.86488342285156,82.54643962848297,2584,1.0,175.10580444335938,0.439810186624527,0.004667758475989103,0.9607663154602051
colon_0123-prone.mha,4,258.7759704589844,85.34107402031931,2756,1.0,172.0772705078125,0.439810186624527,0.00514603964984417,0.9607663154602051
colon_0414-prone.mha,1,157.7498016357422,99.64430601801496,330059,1.4142135381698608,60.75238037109375,0.47733184695243835,0.5942059755325317,0.9596638679504395
colon_0414-prone.mha,2,164.41714477539062,89.70653426722227,22558,1.4142135381698608,97.83241271972656,0.47733184695243835,0.05062341317534447,0.9596638679504395
colon_0414-prone.mha,3,152.58340454101562,93.31141859854124,319724,1.4142135381698608,28.084556579589844,0.47733184695243835,0.5440974831581116,0.9596638679504395
colon_0414-prone.mha,4,202.16329956054688,47.08141321044547,1302,1.4142135381698608,125.14826202392578,0.47733184695243835,0.0015753981424495578,0.9596638679504395
colon_0414-prone.mha,5,195.9897918701172,94.19942473633749,16688,1.4142135381698608,113.50194549560547,0.47733184695243835,0.03961683437228203,0.9596638679504395
colon_0414-prone.mha,6,205.62513732910156,98.4973072046399,79657,1.4142135381698608,116.57777404785156,0.47733184695243835,0.183195561170578,0.9596638679504395
colon_0003-supine.mha,1,1.0,96.50439361916102,2182597,1.0,0.38913601636886597,0.38913601636886597,0.9795286655426025,0.9795286655426025
colon_0399-supine.mha,1,1.0,97.27867452927134,1581325,1.0,0.2658208906650543,0.2658208906650543,0.9834415912628174,0.9834415912628174
colon_0046-supine.mha,1,1.0,92.21688966453364,948888,1.0,0.49635523557662964,0.49635523557662964,0.9584267735481262,0.9584267735481262
colon_0252-supine.mha,1,1.0,99.58362140994258,1873055,1.0,0.3959353566169739,0.3959353566169739,0.9785801768302917,0.9785801768302917
colon_0543-supine.mha,1,1.0,96.24149123202453,1597176,1.0,0.37499818205833435,0.37499818205833435,0.9779881238937378,0.9779881238937378
colon_0246-prone.mha,1,252.4808807373047,99.50686119256498,166079,1.0,129.33580017089844,0.43108615279197693,0.21353766322135925,0.9727351665496826
colon_0246-prone.mha,2,219.44931030273438,98.89391654097537,5967,1.0,146.70574951171875,0.43108615279197693,0.008504609577357769,0.9727351665496826
colon_0246-prone.mha,3,108.06016540527344,99.60363822789843,1146932,1.0,7.616494178771973,0.43108615279197693,0.9035422801971436,0.9727351665496826
colon_0349-supine.mha,1,1.0,97.6925397935355,2097891,1.0,0.3004050850868225,0.3004050850868225,0.9843423962593079,0.9843423962593079
colon_0231-supine.mha,1,195.57606506347656,97.12488424467251,364994,1.4142135381698608,77.4011001586914,0.4488397240638733,0.41358086466789246,0.9765936136245728
colon_0231-supine.mha,2,88.81468200683594,95.62065381378446,1031364,1.4142135381698608,9.091364860534668,0.4488397240638733,0.8285051584243774,0.9765936136245728
colon_0214-supine.mha,1,6.0,94.20980657650017,2965255,6.0,0.9046920537948608,0.9046920537948608,0.9647536873817444,0.9647536873817444
colon_0434-prone.mha,1,191.67303466796875,99.14394365451155,641897,1.0,45.12303161621094,0.3162901699542999,0.5935132503509521,0.9753105044364929
colon_0434-prone.mha,2,147.2786407470703,98.41043742862738,577077,1.0,36.5325927734375,0.3162901699542999,0.5461390018463135,0.9753105044364929
colon_0434-prone.mha,3,254.16726684570312,97.91214297644896,77831,1.0,148.97402954101562,0.3162901699542999,0.09643527865409851,0.9753105044364929
colon_0434-prone.mha,4,326.0085144042969,98.7855918088905,162713,1.0,168.4719696044922,0.3162901699542999,0.1930379420518875,0.9753105044364929
colon_0434-prone.mha,5,356.05364990234375,97.78747742323901,6644,1.0,202.14224243164062,0.3162901699542999,0.008609448559582233,0.9753105044364929
colon_0343-supine.mha,1,1.0,95.67511546372003,1680831,1.0,0.4687913954257965,0.4687913954257965,0.9750956296920776,0.9750956296920776
colon_0590-prone.mha,1,1.0,96.54882659015138,2204004,1.0,0.370841920375824,0.370841920375824,0.9795514941215515,0.9795514941215515
colon_0405-prone.mha,1,1.0,99.12151139857626,1607306,1.0,0.3535275161266327,0.3535275161266327,0.9772723317146301,0.9772723317146301
colon_0465-prone.mha,1,5.656854152679443,95.20521360050455,2259475,5.656854152679443,0.7687253355979919,0.7687253355979919,0.97382652759552,0.97382652759552
colon_0271-prone.mha,1,1.0,98.75978740027259,1402824,1.0,0.33274585008621216,0.33274585008621216,0.9775345325469971,0.9775345325469971
colon_0092-prone.mha,1,1.0,95.74130203866329,1799071,1.0,0.41981709003448486,0.41981709003448486,0.9762776494026184,0.9762776494026184
colon_0236-supine.mha,1,286.8919677734375,100.0,122002,1.0,157.2480010986328,0.4485818147659302,0.09247185289859772,0.9762057065963745
colon_0236-supine.mha,2,26.0,99.79665748637167,2286782,1.0,1.8021996021270752,0.4485818147659302,0.9502025842666626,0.9762057065963745
colon_0403-prone.mha,1,252.7451171875,99.40818532406357,299756,2.0,129.76605224609375,0.5998257398605347,0.3959338665008545,0.9523135423660278
colon_0403-prone.mha,2,253.97244262695312,92.50655427604288,30133,2.0,142.73089599609375,0.5998257398605347,0.04512021690607071,0.9523135423660278
colon_0403-prone.mha,3,166.85922241210938,96.51468840210562,117780,2.0,91.01207733154297,0.5998257398605347,0.17181377112865448,0.9523135423660278
colon_0403-prone.mha,4,292.59698486328125,85.34880818669663,8013,2.0,190.69033813476562,0.5998257398605347,0.01127182599157095,0.9523135423660278
colon_0403-prone.mha,5,135.66537475585938,91.46174498352228,785910,2.0,15.589640617370605,0.5998257398605347,0.7219238877296448,0.9523135423660278
colon_0519-prone.mha,1,1.7320507764816284,95.24038256412656,2179713,1.7320507764816284,0.5720621943473816,0.5720621943473816,0.9707559943199158,0.9707559943199158
colon_0528-supine.mha,1,1.0,95.47400978237282,3119693,1.0,0.47127440571784973,0.47127440571784973,0.9750055074691772,0.9750055074691772
colon_0486-supine.mha,1,1.4142135381698608,96.46002844698877,2150667,1.4142135381698608,0.4515329599380493,0.5013694167137146,0.978885293006897,0.9785097241401672
colon_0486-supine.mha,2,329.198486328125,0.0,1627,1.4142135381698608,206.2719268798828,0.5013694167137146,0.0,0.9785097241401672
colon_0425-supine.mha,1,249.41281127929688,97.64119853984992,157792,1.0,148.82289123535156,0.6881833672523499,0.14725862443447113,0.9750640988349915
colon_0425-supine.mha,2,225.44622802734375,83.75131888645402,12321,1.0,134.90472412109375,0.6881833672523499,0.010599690489470959,0.9750640988349915
colon_0425-supine.mha,3,150.52574157714844,99.7674184573492,1689300,1.0,10.812899589538574,0.6881833672523499,0.9301120638847351,0.9750640988349915
colon_0193-supine.mha,1,1.0,99.7360212103888,2085016,1.0,0.44933027029037476,0.47718822956085205,0.9780505299568176,0.9777421951293945
colon_0193-supine.mha,2,225.30201721191406,0.0,1341,1.0,119.58914947509766,0.47718822956085205,0.0,0.9777421951293945
colon_0425-prone.mha,1,172.17433166503906,97.89607142279988,680679,1.0,37.41156005859375,0.45260754227638245,0.557245671749115,0.9733423590660095
colon_0425-prone.mha,2,164.50180053710938,99.5529842976914,977818,1.0,28.643943786621094,0.45260754227638245,0.7240883708000183,0.9733423590660095
colon_0091-supine.mha,1,1.0,97.6215063777723,2190420,1.0,0.32003816962242126,0.32003816962242126,0.9848540425300598,0.9848540425300598
colon_0257-supine.mha,1,1.0,99.3924237442705,2016537,1.0,0.343035489320755,0.343035489320755,0.980421245098114,0.980421245098114
colon_0330-prone.mha,1,3.316624879837036,92.18834259866122,1566953,3.316624879837036,0.7540096044540405,0.7540096044540405,0.9579710364341736,0.9579710364341736
colon_0056-prone.mha,1,185.02322387695312,100.0,197857,1.4142135381698608,62.20100021362305,0.9245955348014832,0.3771844506263733,0.9429843425750732
colon_0056-prone.mha,2,241.2007293701172,0.0,1843,1.4142135381698608,138.94862365722656,0.9245955348014832,0.0,0.9429843425750732
colon_0056-prone.mha,3,171.6304168701172,99.99465817672888,187202,1.4142135381698608,78.09693145751953,0.9245955348014832,0.36051464080810547,0.9429843425750732
colon_0056-prone.mha,4,167.74562072753906,99.36964136035546,380577,1.4142135381698608,52.185604095458984,0.9245955348014832,0.6140020489692688,0.9429843425750732
colon_0381-supine.mha,1,5.74456262588501,94.90088570223534,2133900,5.74456262588501,0.7504198551177979,0.7504198551177979,0.9714427590370178,0.9714427590370178
colon_0027-supine.mha,1,1.4142135381698608,91.97129078271108,2208350,1.4142135381698608,0.7214733362197876,0.7214733362197876,0.9572826623916626,0.9572826623916626
colon_0146-prone.mha,1,1.4142135381698608,92.12759971836546,1930161,1.4142135381698608,0.5962698459625244,0.614061176776886,0.9570165872573853,0.9563030004501343
colon_0146-prone.mha,2,346.5289611816406,0.0,2773,1.4142135381698608,190.84210205078125,0.614061176776886,0.0,0.9563030004501343
colon_0646-supine.mha,1,1.0,95.74183952892363,1777716,1.0,0.44759902358055115,0.44759902358055115,0.975895881652832,0.975895881652832
colon_0617-prone.mha,1,3.0,96.53656606775976,2719844,3.0,0.5787122845649719,0.5787122845649719,0.9792333841323853,0.9792333841323853
colon_0082-supine.mha,1,1.0,99.77696156742336,1780859,1.0,0.37672731280326843,0.37672731280326843,0.9789590239524841,0.9789590239524841
colon_0127-prone.mha,1,1.0,99.77514609914809,1610379,1.0,0.4167514145374298,0.4167514145374298,0.9744452834129333,0.9744452834129333
colon_0346-prone.mha,1,1.0,96.65215965121175,1935845,1.0,0.35486796498298645,0.35486796498298645,0.9807488918304443,0.9807488918304443
colon_0069-prone.mha,1,275.3398742675781,98.97548821691919,376472,1.0,105.86483001708984,0.32494112849235535,0.48857417702674866,0.9784660339355469
colon_0069-prone.mha,2,276.2480773925781,98.94503773356358,354989,1.0,115.19470977783203,0.32494112849235535,0.467131644487381,0.9784660339355469
colon_0069-prone.mha,3,238.9394073486328,97.88995706482237,400371,1.0,80.35842895507812,0.32494112849235535,0.5059633255004883,0.9784660339355469
colon_0459-supine.mha,1,1.0,96.27109009924997,2156877,1.0,0.4353381097316742,0.4353381097316742,0.9765763878822327,0.9765763878822327
colon_0415-prone.mha,1,1.0,99.7688399567987,1814760,1.0,0.3867729902267456,0.3867729902267456,0.9777541160583496,0.9777541160583496
colon_0312-supine.mha,1,1.4142135381698608,95.28728087288218,2178530,1.4142135381698608,0.5245264768600464,0.5245264768600464,0.9745977520942688,0.9745977520942688
colon_0480-supine.mha,1,1.0,97.59587471667862,1935964,1.0,0.3214034140110016,0.3214034140110016,0.9842239022254944,0.9842239022254944
colon_0772-prone.mha,1,1.4142135381698608,96.06464437155671,1718015,1.4142135381698608,0.4057844281196594,0.4057844281196594,0.975046694278717,0.975046694278717
colon_0084-prone.mha,1,268.4715881347656,99.85217106035876,246907,1.4142135381698608,104.73983001708984,0.9347867965698242,0.43610087037086487,0.949928879737854
colon_0084-prone.mha,2,234.89208984375,98.59272606476681,298023,1.4142135381698608,65.87028503417969,0.9347867965698242,0.49726471304893494,0.949928879737854
colon_0084-prone.mha,3,256.8643493652344,99.99696100590705,263245,1.4142135381698608,115.8802261352539,0.9347867965698242,0.4589996635913849,0.949928879737854
colon_0456-prone.mha,1,1.0,96.19221697408393,1840441,1.0,0.38231387734413147,0.38231387734413147,0.9782161712646484,0.9782161712646484
colon_0047-supine.mha,1,1.0,96.43341142734201,2519186,1.0,0.4472436010837555,0.4472436010837555,0.9801266193389893,0.9801266193389893
colon_0797-supine.mha,1,1.0,91.70237562894134,1136036,1.0,0.5505660772323608,0.5505660772323608,0.9550719857215881,0.9550719857215881
colon_0629-supine.mha,1,3.316624879837036,95.40513496509782,1668950,3.316624879837036,0.5837330222129822,0.5837330222129822,0.9748569130897522,0.9748569130897522
colon_0385-supine.mha,1,1.0,98.03310087249768,1461895,1.0,0.25771564245224,0.25771564245224,0.9858282804489136,0.9858282804489136
colon_0004-prone.mha,1,1.0,95.83979953420088,1719196,1.0,0.39631420373916626,0.39631420373916626,0.9765675067901611,0.9765675067901611
colon_0618-prone.mha,1,1.0,96.90418536301335,1731176,1.0,0.3525031805038452,0.3525031805038452,0.9821045994758606,0.9821045994758606
colon_0237-prone.mha,1,187.49400329589844,89.92588753563099,289425,2.0,77.4916763305664,1.0037462711334229,0.45481401681900024,0.9522350430488586
colon_0237-prone.mha,2,173.3926239013672,99.10749353305253,295348,2.0,49.173095703125,1.0037462711334229,0.508875846862793,0.9522350430488586
colon_0237-prone.mha,3,168.810546875,98.96486667622254,258131,2.0,71.20735931396484,1.0037462711334229,0.4589596390724182,0.9522350430488586
colon_0247-prone.mha,1,1.0,99.81274319066148,3001760,1.0,0.4966074824333191,0.4966074824333191,0.9743981957435608,0.9743981957435608
colon_0778-supine.mha,1,1.0,93.23044809313495,1464026,1.0,0.5469453930854797,0.5469453930854797,0.9640980958938599,0.9640980958938599
colon_0769-prone.mha,1,1.0,96.49642411437696,2335785,1.0,0.41204068064689636,0.41204068064689636,0.9784518480300903,0.9784518480300903
colon_0432-prone.mha,1,1.0,98.89320756638264,1787327,1.0,0.3706929385662079,0.3706929385662079,0.9743621349334717,0.9743621349334717
colon_0010-supine.mha,1,1.0,99.80998957115318,2531440,1.0,0.42640507221221924,0.47902584075927734,0.9738973379135132,0.9732661247253418
colon_0010-supine.mha,2,261.0382995605469,0.0,3365,1.0,155.27377319335938,0.47902584075927734,0.0,0.9732661247253418
colon_0277-supine.mha,1,212.0047149658203,98.4065607970793,222412,1.0,86.6651611328125,0.3627384901046753,0.49616149067878723,0.9687328934669495
colon_0277-supine.mha,2,227.25723266601562,0.0,1005,1.0,151.93556213378906,0.3627384901046753,0.0,0.9687328934669495
colon_0277-supine.mha,3,145.8115234375,97.57493251782621,256364,1.0,37.103275299072266,0.3627384901046753,0.5460550785064697,0.9687328934669495
colon_0277-supine.mha,4,199.14065551757812,96.03552026984391,174323,1.0,80.081298828125,0.3627384901046753,0.40139254927635193,0.9687328934669495
colon_0819-prone.mha,1,2.0,93.40906211829078,2581317,2.0,0.6518601179122925,0.6518601179122925,0.96302330493927,0.96302330493927
colon_0399-prone.mha,1,1.0,97.1738541943418,1592133,1.0,0.2580665647983551,0.2580665647983551,0.9827316403388977,0.9827316403388977
colon_0090-supine.mha,1,296.1168212890625,99.97971212574211,93652,1.0,174.2922821044922,0.380356103181839,0.08346998691558838,0.9787977337837219
colon_0090-supine.mha,2,36.11158752441406,99.42971819713733,1989192,1.0,1.9774751663208008,0.380356103181839,0.9557007551193237,0.9787977337837219
colon_0513-prone.mha,1,1.0,97.81578785739123,2165449,1.0,0.2752496302127838,0.2752496302127838,0.9851113557815552,0.9851113557815552
colon_0079-supine.mha,1,230.53103637695312,97.6821671736926,41418,1.0,141.0026092529297,0.3084614872932434,0.07348344475030899,0.9807409048080444
colon_0079-supine.mha,2,53.860931396484375,99.72896951099884,907278,1.0,4.8409881591796875,0.3084614872932434,0.9199962019920349,0.9807409048080444
colon_0079-supine.mha,3,156.04071044921875,99.401656663114,53481,1.0,80.77220153808594,0.3084614872932434,0.09550946950912476,0.9807409048080444
colon_0079-supine.mha,4,185.1616973876953,99.03629685216636,25319,1.0,102.75273895263672,0.3084614872932434,0.046219196170568466,0.9807409048080444
colon_0799-prone.mha,1,2.2360680103302,97.46525855119881,1347238,2.2360680103302,0.43077003955841064,0.43077003955841064,0.9711241126060486,0.9711241126060486
colon_0216-prone.mha,1,209.14588928222656,99.27875024693701,258163,1.0,95.33568572998047,0.605024516582489,0.43681690096855164,0.9622121453285217
colon_0216-prone.mha,2,264.40972900390625,99.69672785315244,6265,1.0,172.79408264160156,0.605024516582489,0.01355474628508091,0.9622121453285217
colon_0216-prone.mha,3,197.98294067382812,95.42881064772712,346365,1.0,60.05556106567383,0.605024516582489,0.5239487290382385,0.9622121453285217
colon_0216-prone.mha,4,273.77728271484375,96.62508893555739,290941,1.0,105.00831604003906,0.605024516582489,0.4661005139350891,0.9622121453285217
colon_0241-prone.mha,1,1.0,99.4553403485112,1803328,1.0,0.3871733546257019,0.3871733546257019,0.978238582611084,0.978238582611084
colon_0262-prone.mha,1,1.0,99.11445850155668,2651485,1.0,0.4340499937534332,0.4340499937534332,0.9775727987289429,0.9775727987289429
colon_0110-supine.mha,1,168.94081115722656,99.95320285187326,181635,1.0,81.00464630126953,0.3897867500782013,0.28818032145500183,0.9681117534637451
colon_0110-supine.mha,2,103.85491180419922,99.51863930285035,838041,1.0,10.199193954467773,0.3897867500782013,0.8703979253768921,0.9681117534637451
colon_0194-supine.mha,1,1.0,98.55002700067685,1227747,1.0,0.316214382648468,0.316214382648468,0.9749279022216797,0.9749279022216797
colon_0222-supine.mha,1,138.64376831054688,93.2014623318971,536130,6.4031243324279785,43.03422546386719,0.9645999073982239,0.40287303924560547,0.9459439516067505
colon_0222-supine.mha,2,83.09632873535156,93.84870035177929,1446930,6.4031243324279785,10.269280433654785,0.9645999073982239,0.8008078336715698,0.9459439516067505
colon_0299-supine.mha,1,1.0,99.00089863791025,1500048,1.0,0.32217803597450256,0.32217803597450256,0.9804250001907349,0.9804250001907349
colon_0025-supine.mha,1,1.7320507764816284,97.36378358726905,2269275,1.7320507764816284,0.4628717601299286,0.4628717601299286,0.9758214354515076,0.9758214354515076
colon_0203-supine.mha,1,179.14797973632812,99.99160305984499,357273,1.4142135381698608,64.42456817626953,0.5545880198478699,0.48037225008010864,0.9518807530403137
colon_0203-supine.mha,2,138.8272247314453,99.28121566379892,631622,1.4142135381698608,28.03728675842285,0.5545880198478699,0.7119023203849792,0.9518807530403137
colon_0203-supine.mha,3,249.09034729003906,99.79494042479709,46328,1.4142135381698608,147.45077514648438,0.5545880198478699,0.07859987765550613,0.9518807530403137
colon_0473-supine.mha,1,2.2360680103302,94.92911009001821,3489072,2.2360680103302,0.6913413405418396,0.6913413405418396,0.9719845056533813,0.9719845056533813
colon_0165-supine.mha,1,1.0,97.30273766800495,1905673,1.0,0.4219474494457245,0.4219474494457245,0.9806210398674011,0.9806210398674011
colon_0198-prone.mha,1,1.0,97.64426890073055,2509030,1.0,0.29804325103759766,0.29804325103759766,0.9854038953781128,0.9854038953781128
colon_0256-prone.mha,1,187.72744750976562,99.52606410681312,211210,1.0,78.9950942993164,0.3647705018520355,0.29749932885169983,0.9769251942634583
colon_0256-prone.mha,2,236.62753295898438,99.22214299604589,15427,1.0,122.83456420898438,0.3647705018520355,0.025147240608930588,0.9769251942634583
colon_0256-prone.mha,3,125.81968688964844,99.78848750771195,927132,1.0,13.43930721282959,0.3647705018520355,0.8690744042396545,0.9769251942634583
colon_0226-prone.mha,1,164.3563232421875,98.44240762316542,225733,1.0,62.22734832763672,0.2744274139404297,0.3075472116470337,0.9771604537963867
colon_0226-prone.mha,2,94.72542572021484,99.2844363070024,957986,1.0,9.917035102844238,0.2744274139404297,0.8736612796783447,0.9771604537963867
colon_0226-prone.mha,3,204.62893676757812,97.90301441677587,1526,1.0,124.24916076660156,0.2744274139404297,0.0024474048987030983,0.9771604537963867
colon_0631-supine.mha,1,4.0,96.69388722084427,2068290,4.0,0.584756076335907,0.584756076335907,0.9809216856956482,0.9809216856956482
colon_0112-prone.mha,1,1.0,99.62487368147745,2141412,1.4142135381698608,0.4530334174633026,0.7330573797225952,0.9774229526519775,0.9754148125648499
colon_0112-prone.mha,2,300.9736633300781,0.0,8987,1.4142135381698608,165.86180114746094,0.7330573797225952,0.0,0.9754148125648499
colon_0095-prone.mha,1,1.4142135381698608,96.38945095874224,2450763,1.4142135381698608,0.46199852228164673,0.46199852228164673,0.973788321018219,0.973788321018219
colon_0148-prone.mha,1,2.2360680103302,98.84286924215189,1447546,2.2360680103302,0.5806199908256531,0.5806199908256531,0.9617700576782227,0.9617700576782227
colon_0223-prone.mha,1,1.0,96.3387066633256,1883624,1.0,0.3911493122577667,0.3911493122577667,0.9784901738166809,0.9784901738166809
colon_0771-supine.mha,1,1.0,97.9004257433696,2676495,1.0,0.28884947299957275,0.28884947299957275,0.9865227341651917,0.9865227341651917
colon_0043-supine.mha,1,1.0,96.76215291848345,2467720,1.0,0.3741506040096283,0.3741506040096283,0.9814577698707581,0.9814577698707581
colon_0627-supine.mha,1,1.0,95.97812673065266,2751852,1.0,0.4404008984565735,0.4404008984565735,0.9780972003936768,0.9780972003936768
colon_0479-supine.mha,1,3.605551242828369,95.128109999775,2266841,3.605551242828369,0.6417050361633301,0.6417050361633301,0.9732224345207214,0.9732224345207214
colon_0066-prone.mha,1,1.0,97.12319481672306,2358971,1.0,0.31818294525146484,0.31818294525146484,0.9829229712486267,0.9829229712486267
colon_0121-supine.mha,1,1.0,99.18692216536787,1831190,1.0,0.38271263241767883,0.38271263241767883,0.979062557220459,0.979062557220459
colon_0001-supine.mha,1,1.0,96.32345979171859,1837706,1.0,0.3814994692802429,0.3814994692802429,0.9794259667396545,0.9794259667396545
colon_0218-prone.mha,1,1.4142135381698608,95.73117708953762,1971082,1.4142135381698608,0.5566555261611938,0.5566555261611938,0.9768964648246765,0.9768964648246765
colon_0027-prone.mha,1,117.09397888183594,98.17343848334357,948613,1.0,20.62818717956543,0.6085900664329529,0.750350296497345,0.960101306438446
colon_0027-prone.mha,2,162.63916015625,99.96088285012344,501059,1.0,51.75741195678711,0.6085900664329529,0.4923173487186432,0.960101306438446
colon_0659-prone.mha,1,1.0,96.35610542750318,1947120,1.0,0.3445647656917572,0.3445647656917572,0.9771186709403992,0.9771186709403992
colon_0055-prone.mha,1,349.061767578125,99.80108368886249,111102,35.97220993041992,221.44398498535156,2.593341588973999,0.1072903648018837,0.9442786574363708
colon_0055-prone.mha,2,128.26535034179688,92.39147068393616,1914667,35.97220993041992,7.837510108947754,2.593341588973999,0.9140885472297668,0.9442786574363708
colon_0247-supine.mha,1,1.0,99.83874297815328,3167614,1.0,0.43111005425453186,0.43111005425453186,0.9780144095420837,0.9780144095420837
colon_0613-supine.mha,1,1.4142135381698608,94.8668019357105,953655,1.4142135381698608,0.45286497473716736,0.45286497473716736,0.9710374474525452,0.9710374474525452
colon_0111-supine.mha,1,1.4142135381698608,96.64696512469395,2040957,1.4142135381698608,0.4528983533382416,0.4528983533382416,0.9754853248596191,0.9754853248596191
colon_0042-supine.mha,1,1.0,98.04700244313402,1192321,1.0,0.3330721855163574,0.3330721855163574,0.9710149765014648,0.9710149765014648
colon_0761-prone.mha,1,1.0,97.10951500672773,2194649,1.0,0.3242577314376831,0.3242577314376831,0.9806437492370605,0.9806437492370605
colon_0396-supine.mha,1,4.242640495300293,94.47749653279483,1378632,14.352700233459473,0.7767209410667419,1.4379831552505493,0.9636736512184143,0.9310656189918518
colon_0396-supine.mha,2,186.06231689453125,0.0,94672,14.352700233459473,91.3402099609375,1.4379831552505493,0.0,0.9310656189918518
colon_0686-supine.mha,1,1.0,96.44560337533807,1960811,1.0,0.4366624355316162,0.4366624355316162,0.9769690036773682,0.9769690036773682
colon_0215-prone.mha,1,1.4142135381698608,90.73302199825584,1040037,1.4142135381698608,0.5803971886634827,0.5803971886634827,0.9509047865867615,0.9509047865867615
colon_0597-supine.mha,1,165.6321258544922,94.92586986879846,239174,1.0,67.98623657226562,0.2788146734237671,0.29274770617485046,0.9814819693565369
colon_0597-supine.mha,2,104.12012481689453,97.30305648782452,1107513,1.0,8.471866607666016,0.2788146734237671,0.8908276557922363,0.9814819693565369
colon_0421-supine.mha,1,277.3497619628906,95.439848834768,23815,1.0,162.11819458007812,0.30078834295272827,0.03700239583849907,0.9744362831115723
colon_0421-supine.mha,2,1.0,98.71819472361264,1151735,1.0,1.2718870639801025,0.30078834295272827,0.9649932980537415,0.9744362831115723
colon_0822-prone.mha,1,2.8284270763397217,92.28357234137307,1376453,2.8284270763397217,0.629006028175354,0.9048097729682922,0.9581618905067444,0.9544673562049866
colon_0822-prone.mha,2,238.96566772460938,0.0,10263,2.8284270763397217,136.13238525390625,0.9048097729682922,0.0,0.9544673562049866
colon_0125-supine.mha,1,1.4142135381698608,95.59988562067745,2063310,1.4142135381698608,0.4814806580543518,0.4814806580543518,0.9754944443702698,0.9754944443702698
colon_0177-supine.mha,1,1.0,97.15417900693161,2057965,1.0,0.3126848638057709,0.3126848638057709,0.9817301630973816,0.9817301630973816
colon_0139-prone.mha,1,8.185352325439453,94.52994511785423,2257747,8.185352325439453,1.1070454120635986,1.1070454120635986,0.9705296158790588,0.9705296158790588
colon_0198-supine.mha,1,1.0,97.49755569168855,2464910,1.0,0.31342652440071106,0.31342652440071106,0.984710156917572,0.984710156917572
colon_0074-prone.mha,1,1.0,98.2645167385482,1365441,1.0,0.40201517939567566,0.40201517939567566,0.97096848487854,0.97096848487854
colon_0099-prone.mha,1,158.55282592773438,99.6199959519151,503942,1.0,58.062400817871094,0.39368516206741333,0.5046598315238953,0.9702945947647095
colon_0099-prone.mha,2,128.8836669921875,98.14385846867252,933334,1.0,14.947952270507812,0.39368516206741333,0.7573591470718384,0.9702945947647095
colon_0143-supine.mha,1,120.82218170166016,99.7640570674979,208525,1.0,40.680240631103516,0.47391146421432495,0.44011521339416504,0.9666969776153564
colon_0143-supine.mha,2,78.31346893310547,99.18402567828763,487883,1.0,13.32016658782959,0.47391146421432495,0.7902279496192932,0.9666969776153564
colon_0143-supine.mha,3,221.84002685546875,100.0,1586,1.0,142.48641967773438,0.47391146421432495,0.004295669961720705,0.9666969776153564
colon_0431-supine.mha,1,300.8519592285156,96.96008329077122,101812,23.68543815612793,168.0703887939453,1.594781517982483,0.10945376008749008,0.9411547780036926
colon_0431-supine.mha,2,70.55361938476562,91.41440990218798,1691101,23.68543815612793,4.431671619415283,1.594781517982483,0.9112077951431274,0.9411547780036926
colon_0217-supine.mha,1,2.8284270763397217,96.63965390205446,1881086,2.8284270763397217,0.5010142922401428,0.5010142922401428,0.9802324771881104,0.9802324771881104
colon_0298-supine.mha,1,1.0,97.31669571876616,1820293,1.0,0.3516920208930969,0.3516920208930969,0.9833006262779236,0.9833006262779236
colon_0303-supine.mha,1,1.0,96.80991181690204,1853303,1.0,0.36110225319862366,0.36110225319862366,0.9815126061439514,0.9815126061439514
colon_0259-supine.mha,1,1.0,99.1742246599379,1313069,1.0,0.3085917532444,0.3085917532444,0.9760453104972839,0.9760453104972839
colon_0103-supine.mha,1,302.3011779785156,99.04683629556065,87603,1.0,183.57289123535156,0.41986414790153503,0.11788922548294067,0.9730799794197083
colon_0103-supine.mha,2,156.50558471679688,96.540134143502,266282,1.0,50.976383209228516,0.41986414790153503,0.31146571040153503,0.9730799794197083
colon_0103-supine.mha,3,122.59059143066406,99.32461968213715,990553,1.0,17.51844596862793,0.41986414790153503,0.8285245895385742,0.9730799794197083
colon_0005-prone.mha,1,1.0,96.10792399868127,1392239,1.0,0.3081439733505249,0.3081439733505249,0.9739347696304321,0.9739347696304321
colon_0098-supine.mha,1,6.78233003616333,95.51221129898487,1797188,6.78233003616333,0.8288630247116089,0.8288630247116089,0.9751801490783691,0.9751801490783691
colon_0180-prone.mha,1,1.4142135381698608,98.90981126379275,1609813,1.4142135381698608,0.44046640396118164,0.44046640396118164,0.972417414188385,0.972417414188385
colon_0181-supine.mha,1,290.77484130859375,98.72606296656929,36972,55.1180534362793,206.96043395996094,4.595127105712891,0.051683858036994934,0.8900167942047119
colon_0181-supine.mha,2,55.50675582885742,83.21939129183724,1529140,55.1180534362793,5.402309894561768,4.595127105712891,0.8762125372886658,0.8900167942047119
colon_0158-prone.mha,1,1.4142135381698608,95.06981515328758,1916561,1.4142135381698608,0.5016294717788696,0.5016294717788696,0.9730015993118286,0.9730015993118286
colon_0656-prone.mha,1,1.0,95.00319924652366,1254983,1.0,0.46434012055397034,0.46434012055397034,0.972888171672821,0.972888171672821
colon_0517-prone.mha,1,1.0,94.55205191310223,1386779,1.0,0.46302518248558044,0.46302518248558044,0.9696542024612427,0.9696542024612427
colon_0244-supine.mha,1,269.379638671875,98.28651571202082,245990,1.0,133.10594177246094,0.364423930644989,0.23692606389522552,0.9794858694076538
colon_0244-supine.mha,2,298.7456970214844,87.29372937293729,4242,1.0,178.1269989013672,0.364423930644989,0.004116310738027096,0.9794858694076538
colon_0244-supine.mha,3,260.46881103515625,87.17026378896882,4170,1.0,160.10365295410156,0.364423930644989,0.004040882457047701,0.9794858694076538
colon_0244-supine.mha,4,114.40887451171875,99.08269846556851,1507138,1.0,8.775704383850098,0.364423930644989,0.9044681191444397,0.9794858694076538
colon_0244-supine.mha,5,243.41403198242188,0.0,1356,1.0,147.49403381347656,0.364423930644989,0.0,0.9794858694076538
colon_0066-supine.mha,1,1.0,96.81521439527067,2416238,1.0,0.34475138783454895,0.34475138783454895,0.9815751910209656,0.9815751910209656
colon_0289-supine.mha,1,227.9780731201172,98.55908342507526,102643,1.0,126.59255981445312,0.38931185007095337,0.12086434662342072,0.9759258031845093
colon_0289-supine.mha,2,63.18227767944336,99.73026840480735,1371734,1.0,4.421091556549072,0.38931185007095337,0.929655134677887,0.9759258031845093
colon_0289-supine.mha,3,221.43621826171875,99.0314197968344,33864,1.0,117.41444396972656,0.38931185007095337,0.041783422231674194,0.9759258031845093
colon_0261-supine.mha,1,1.0,99.77459059855445,1697356,1.0,0.3829039931297302,0.3829039931297302,0.9763681292533875,0.9763681292533875
colon_0440-prone.mha,1,1.4142135381698608,91.87863505274689,954938,1.4142135381698608,0.5653786063194275,0.5653786063194275,0.955775797367096,0.955775797367096
colon_0555-supine.mha,1,1.0,94.76635416612383,1918930,1.0,0.48117947578430176,0.48117947578430176,0.9709634780883789,0.9709634780883789
colon_0258-prone.mha,1,269.56353759765625,99.76844740546464,218093,1.0,119.20289611816406,0.3226046562194824,0.30682042241096497,0.9724919199943542
colon_0258-prone.mha,2,48.667236328125,99.49141219317717,928060,1.0,3.381073474884033,0.3226046562194824,0.8676751852035522,0.9724919199943542
colon_0009-supine.mha,1,1.0,97.74115744115586,1466459,1.0,0.3099762499332428,0.3099762499332428,0.9832751750946045,0.9832751750946045
colon_0141-supine.mha,1,1.0,95.82383002868954,1349969,1.0,0.37745094299316406,0.37745094299316406,0.9765198826789856,0.9765198826789856
colon_0106-supine.mha,1,5.74456262588501,89.25522070463268,1277318,5.74456262588501,1.1107985973358154,1.1107985973358154,0.9428573846817017,0.9428573846817017
colon_0015-prone.mha,1,2.0,97.53036638733022,1768238,4.123105525970459,0.4558494985103607,1.057496190071106,0.9727123975753784,0.9605293869972229
colon_0015-prone.mha,2,208.29148864746094,0.0,44975,4.123105525970459,111.88985443115234,1.057496190071106,0.0,0.9605293869972229
colon_0265-prone.mha,1,1.0,99.26696829693682,1568145,1.0,0.4135133922100067,0.4135133922100067,0.9701975584030151,0.9701975584030151
colon_0211-supine.mha,1,1.0,99.22352329192441,1472549,1.0,0.33590370416641235,0.33590370416641235,0.977652907371521,0.977652907371521
colon_0433-supine.mha,1,1.0,99.77146250074499,1795329,1.0,0.4592060148715973,0.4592060148715973,0.973170280456543,0.973170280456543
colon_0602-supine.mha,1,1.0,96.84775427012566,1855566,1.0,0.324221134185791,0.324221134185791,0.9810324907302856,0.9810324907302856
colon_0089-prone.mha,1,145.25289916992188,99.56070877948848,426141,1.0,32.084266662597656,0.47470325231552124,0.778893232345581,0.971496045589447
colon_0089-prone.mha,2,144.94827270507812,97.91560607286101,210181,1.0,50.401031494140625,0.47470325231552124,0.4712320566177368,0.971496045589447
colon_0089-prone.mha,3,161.82089233398438,97.4493927125506,2470,1.0,107.4450912475586,0.47470325231552124,0.007231007795780897,0.971496045589447
colon_0057-supine.mha,1,4.0,95.67968048019891,1740612,4.0,0.7960366010665894,0.7960366010665894,0.9543976783752441,0.9543976783752441
colon_0761-supine.mha,1,1.0,97.53333323957224,2133081,1.0,0.2910586893558502,0.2910586893558502,0.9826831221580505,0.9826831221580505
colon_0119-prone.mha,1,166.35861206054688,98.07103798025902,826403,1.0,19.533885955810547,0.2839028239250183,0.8421592116355896,0.9764352440834045
colon_0119-prone.mha,2,307.0718078613281,94.49375410913873,6084,1.0,207.9893035888672,0.2839028239250183,0.0104110362008214,0.9764352440834045
colon_0119-prone.mha,3,201.5564422607422,97.61188155488158,259158,1.0,89.664306640625,0.2839028239250183,0.3727041184902191,0.9764352440834045
colon_0275-prone.mha,1,1.0,99.51245865678906,1288301,1.0,0.3616357445716858,0.3616357445716858,0.9739909768104553,0.9739909768104553
colon_0017-prone.mha,1,1.0,95.41616231671651,1528370,1.0,0.4111798107624054,0.4111798107624054,0.9743587374687195,0.9743587374687195
colon_0083-prone.mha,1,1.0,95.59725529529953,1255217,1.0,0.4279080927371979,0.4279080927371979,0.9757207036018372,0.9757207036018372
colon_0032-prone.mha,1,1.4142135381698608,94.99829821562813,1618889,1.4142135381698608,0.5323560237884521,0.5323560237884521,0.9733984470367432,0.9733984470367432
colon_0068-prone.mha,1,2.2360680103302,94.09613660673537,1408891,2.2360680103302,0.6118281483650208,0.6118281483650208,0.9570825695991516,0.9570825695991516
colon_0568-supine.mha,1,2.2360680103302,95.33743039440846,2512370,2.2360680103302,0.5730964541435242,0.5940905809402466,0.9694842100143433,0.9692729115486145
colon_0568-supine.mha,2,275.1923828125,0.0,1077,2.2360680103302,149.81942749023438,0.5940905809402466,0.0,0.9692729115486145
colon_0340-prone.mha,1,1.0,97.46489401763822,2129694,1.0,0.3146776854991913,0.3146776854991913,0.9839091897010803,0.9839091897010803
colon_0278-prone.mha,1,195.41238403320312,99.14860308285164,332160,8.306623458862305,62.4420280456543,1.1791149377822876,0.6426817774772644,0.9335241317749023
colon_0278-prone.mha,2,205.3629608154297,0.0,16507,8.306623458862305,100.77056884765625,1.1791149377822876,0.0,0.9335241317749023
colon_0278-prone.mha,3,206.47491455078125,99.58366791188074,114572,8.306623458862305,81.1562728881836,1.1791149377822876,0.2826652526855469,0.9335241317749023
colon_0278-prone.mha,4,209.86900329589844,99.93851132686085,92700,8.306623458862305,108.38150024414062,1.1791149377822876,0.23591050505638123,0.9335241317749023
colon_0278-prone.mha,5,237.32666015625,98.07235278584632,3787,8.306623458862305,136.88839721679688,1.1791149377822876,0.010664829052984715,0.9335241317749023
colon_0278-prone.mha,6,226.43971252441406,99.90395034971924,40604,8.306623458862305,110.43096923828125,1.1791149377822876,0.11063503473997116,0.9335241317749023
colon_0278-prone.mha,7,257.14752197265625,99.79409746053534,2914,8.306623458862305,154.43211364746094,1.1791149377822876,0.008360862731933594,0.9335241317749023
colon_0278-prone.mha,8,245.3037872314453,99.62327845593092,40879,8.306623458862305,103.89381408691406,1.1791149377822876,0.11102977395057678,0.9335241317749023
colon_0443-supine.mha,1,1.0,99.50653181382665,1381852,1.0,0.32737237215042114,0.32737237215042114,0.9765880107879639,0.9765880107879639
colon_0142-supine.mha,1,1.0,95.92159591943012,2077749,1.0,0.4182916283607483,0.4182916283607483,0.9765942096710205,0.9765942096710205
colon_0382-prone.mha,1,3.464101552963257,95.62611791516133,2282709,3.464101552963257,0.6018282175064087,0.6018282175064087,0.9755949974060059,0.9755949974060059
colon_0294-prone.mha,1,1.0,99.43028199602692,1425091,1.0,0.3028871417045593,0.3028871417045593,0.9788063764572144,0.9788063764572144
colon_0108-supine.mha,1,5.385164737701416,93.4495184745071,2225012,5.385164737701416,0.8154383897781372,0.8154383897781372,0.964085042476654,0.964085042476654
colon_0152-supine.mha,1,1.0,99.7797473924838,1354354,1.0,0.3830097019672394,0.3830097019672394,0.9778202176094055,0.9778202176094055
colon_0332-supine.mha,1,1.0,97.57769716581069,1715764,1.0,0.40322011709213257,0.40322011709213257,0.9830783009529114,0.9830783009529114
colon_0184-prone.mha,1,209.8118133544922,99.17682499649713,171288,1.0,96.16914367675781,0.35565170645713806,0.2923102378845215,0.9742517471313477
colon_0184-prone.mha,2,163.68734741210938,99.13205719213448,375716,1.0,43.55763244628906,0.35565170645713806,0.5450264811515808,0.9742517471313477
colon_0184-prone.mha,3,150.91900634765625,98.99188991476755,411463,1.0,45.97572708129883,0.35565170645713806,0.5808463096618652,0.9742517471313477
colon_0143-prone.mha,1,21.424285888671875,99.64706537205119,574894,21.840330123901367,1.5403401851654053,1.3749315738677979,0.9442964792251587,0.9221201539039612
colon_0143-prone.mha,2,185.42384338378906,100.0,3430,21.840330123901367,130.26174926757812,1.3749315738677979,0.010687822476029396,0.9221201539039612
colon_0143-prone.mha,3,175.3539276123047,100.0,9064,21.840330123901367,111.75828552246094,1.3749315738677979,0.027997516095638275,0.9221201539039612
colon_0143-prone.mha,4,187.89358520507812,100.0,15814,21.840330123901367,99.49324798583984,1.3749315738677979,0.048343412578105927,0.9221201539039612
colon_0143-prone.mha,5,193.68272399902344,0.0,62269,21.840330123901367,88.86005401611328,1.3749315738677979,0.0,0.9221201539039612
colon_0051-supine.mha,1,1.0,99.49432356503584,2062386,1.0,0.3321441113948822,0.3321441113948822,0.9807438850402832,0.9807438850402832
colon_0271-supine.mha,1,1.0,99.12227437020968,1386652,1.0,0.3050682246685028,0.3050682246685028,0.9786941409111023,0.9786941409111023
colon_0747-prone.mha,1,2.0,95.64250578378743,2893865,2.0,0.5074496269226074,0.5074496269226074,0.9704809188842773,0.9704809188842773
colon_0487-prone.mha,1,1.4142135381698608,97.0662174436092,1621763,1.4142135381698608,0.40003249049186707,0.40003249049186707,0.9802878499031067,0.9802878499031067
colon_0136-prone.mha,1,1.4142135381698608,91.6065614002796,1140915,1.4142135381698608,0.555742084980011,0.555742084980011,0.9545547962188721,0.9545547962188721
colon_0441-supine.mha,1,1.0,98.40100307666074,2838467,1.0,0.27589571475982666,0.27589571475982666,0.9875050187110901,0.9875050187110901
colon_0719-supine.mha,1,1.0,97.72482865912626,2972875,1.0,0.31135284900665283,0.31135284900665283,0.9857553839683533,0.9857553839683533
colon_0264-supine.mha,1,1.0,97.68809423827571,3788779,1.0,0.32121115922927856,0.32121115922927856,0.985843300819397,0.985843300819397
colon_0432-supine.mha,1,1.0,99.23922292215646,2231797,1.0,0.4009064733982086,0.4009064733982086,0.9766133427619934,0.9766133427619934
colon_0661-prone.mha,1,1.0,96.8135264688163,1908850,1.0,0.44567906856536865,0.44567906856536865,0.9812190532684326,0.9812190532684326
colon_0285-supine.mha,1,1.0,98.73110226887479,1176927,1.0,0.29662248492240906,0.29662248492240906,0.9786065220832825,0.9786065220832825
colon_0424-supine.mha,1,1.0,99.23265861311793,1305677,1.0,0.29779064655303955,0.29779064655303955,0.9768694043159485,0.9768694043159485
colon_0245-prone.mha,1,1.0,98.04307350217383,1647788,1.0,0.27159053087234497,0.27159053087234497,0.9867574572563171,0.9867574572563171
colon_0405-supine.mha,1,298.5699157714844,98.97023625694872,103616,1.0,174.8501739501953,0.3735130727291107,0.09807717055082321,0.9803109765052795
colon_0405-supine.mha,2,43.703548431396484,99.48830129380107,1827638,1.0,2.342939615249634,0.3735130727291107,0.9531769156455994,0.9803109765052795
colon_0809-prone.mha,1,2.8284270763397217,96.14076794056686,2488578,2.8284270763397217,0.5874421000480652,0.5874421000480652,0.9785535335540771,0.9785535335540771
colon_0328-prone.mha,1,8.124038696289062,93.89975070720385,2363887,8.124038696289062,1.2204221487045288,1.2204221487045288,0.9668973684310913,0.9668973684310913
colon_0412-supine.mha,1,1.0,99.64379614026225,2415190,1.0,0.3683384358882904,0.3683384358882904,0.9808933734893799,0.9808933734893799
colon_0144-supine.mha,1,1.4142135381698608,97.19247056244339,2773328,1.4142135381698608,0.45352962613105774,0.45352962613105774,0.983068585395813,0.983068585395813
colon_0177-prone.mha,1,1.0,96.70964546977756,1948635,1.0,0.3326965868473053,0.3326965868473053,0.9806642532348633,0.9806642532348633
colon_0001-prone.mha,1,190.80552673339844,99.99759882054065,416462,1.4142135381698608,71.53807067871094,0.9810164570808411,0.413825660943985,0.953546404838562
colon_0001-prone.mha,2,271.5460205078125,0.0,4591,1.4142135381698608,162.3985137939453,0.9810164570808411,0.0,0.953546404838562
colon_0001-prone.mha,3,159.02516174316406,99.14631433655777,701312,1.4142135381698608,48.14019012451172,0.9810164570808411,0.6052770018577576,0.953546404838562
colon_0001-prone.mha,4,157.03900146484375,99.9903532142239,352449,1.4142135381698608,65.60734558105469,0.9810164570808411,0.36169612407684326,0.953546404838562
colon_0180-supine.mha,1,331.7318115234375,97.70972974029273,51173,1.0,229.4294891357422,0.4538414478302002,0.05473709851503372,0.9736332893371582
colon_0180-supine.mha,2,2.2360680103302,99.31718975838929,1657708,1.0,2.275357961654663,0.4538414478302002,0.959018886089325,0.9736332893371582
colon_0130-prone.mha,1,279.97900390625,99.14066507448857,181303,1.0,148.38626098632812,0.3304532766342163,0.30108243227005005,0.9704214334487915
colon_0130-prone.mha,2,77.46772766113281,97.14160562626239,821860,1.0,4.842902660369873,0.3304532766342163,0.8703697919845581,0.9704214334487915
colon_0410-prone.mha,1,2.4494898319244385,96.10803408437087,2414127,2.4494898319244385,0.6211574077606201,0.6211574077606201,0.9779983162879944,0.9779983162879944
colon_0085-prone.mha,1,1.0,97.23882631644247,2571153,1.0,0.3190242052078247,0.3190242052078247,0.9836875796318054,0.9836875796318054
colon_0820-supine.mha,1,1.0,97.56485331814298,1755500,1.0,0.2758641242980957,0.2758641242980957,0.983200192451477,0.983200192451477
colon_0481-supine.mha,1,4.582575798034668,96.15037843870596,1781266,4.582575798034668,0.6449874639511108,0.6449874639511108,0.9780535101890564,0.9780535101890564
colon_0518-supine.mha,1,3.0,95.84527538936656,2925585,3.0,0.639633297920227,0.639633297920227,0.9775943756103516,0.9775943756103516
colon_0162-supine.mha,1,1.0,98.66243107149477,2514562,1.0,0.28924188017845154,0.28924188017845154,0.9847514033317566,0.9847514033317566
colon_0110-prone.mha,1,151.2545928955078,99.00957151882939,444757,1.0,32.088924407958984,0.5692493915557861,0.6694100499153137,0.9521018862724304
colon_0110-prone.mha,2,169.200927734375,99.98564528658763,355284,1.0,50.65750503540039,0.5692493915557861,0.5794193148612976,0.9521018862724304
colon_0110-prone.mha,3,174.6854248046875,46.678216832145,15007,1.0,93.8723373413086,0.5692493915557861,0.01581456884741783,0.9521018862724304
colon_0323-supine.mha,1,1.0,97.46788747935689,2160528,1.0,0.32721641659736633,0.32721641659736633,0.9828463196754456,0.9828463196754456
colon_0002-prone.mha,1,295.12274169921875,99.85125028641832,266219,1.0,156.29238891601562,0.454119473695755,0.18503594398498535,0.9724792838096619
colon_0002-prone.mha,2,63.324562072753906,99.49152344217225,2223898,1.0,3.727691650390625,0.454119473695755,0.9160188436508179,0.9724792838096619
colon_0175-prone.mha,1,86.59500885009766,99.44306854446211,730431,1.0,8.617101669311523,0.3249695301055908,0.8852487802505493,0.9744284152984619
colon_0175-prone.mha,2,210.16897583007812,98.73808537090758,144780,1.0,97.26292419433594,0.3249695301055908,0.2709018290042877,0.9744284152984619
colon_0175-prone.mha,3,270.1647644042969,96.30325814536342,1596,1.0,159.89840698242188,0.3249695301055908,0.003369867568835616,0.9744284152984619
colon_0006-prone.mha,1,169.49468994140625,99.98316886206801,611961,1.4142135381698608,71.33113861083984,0.6195313334465027,0.4216881990432739,0.9604734778404236
colon_0006-prone.mha,2,100.18209838867188,99.65399820625908,1514154,1.4142135381698608,10.32231330871582,0.6195313334465027,0.7933019399642944,0.9604734778404236
colon_0276-prone.mha,1,1.0,99.5592706672345,2019380,1.0,0.4064120054244995,0.4064120054244995,0.9778173565864563,0.9778173565864563
colon_0181-prone.mha,1,244.6671142578125,100.0,202493,1.4142135381698608,120.96125030517578,0.8189725279808044,0.2619706988334656,0.9456931352615356
colon_0181-prone.mha,2,231.63909912109375,100.0,78894,1.4142135381698608,123.0877456665039,0.8189725279808044,0.11093690246343613,0.9456931352615356
colon_0181-prone.mha,3,264.9563903808594,99.72693814555385,8423,1.4142135381698608,164.16354370117188,0.8189725279808044,0.012427405454218388,0.9456931352615356
colon_0181-prone.mha,4,178.09486389160156,100.0,352022,1.4142135381698608,64.19275665283203,0.8189725279808044,0.41525495052337646,0.9456931352615356
colon_0181-prone.mha,5,155.44773864746094,95.60008252688216,615557,1.4142135381698608,50.35892105102539,0.8189725279808044,0.6007937788963318,0.9456931352615356
colon_0181-prone.mha,6,298.1330871582031,0.0,1046,1.4142135381698608,181.35568237304688,0.8189725279808044,0.0,0.9456931352615356
colon_0406-prone.mha,1,1.0,99.06241635157423,1247782,1.0,0.3348366916179657,0.3348366916179657,0.9737848043441772,0.9737848043441772
colon_0719-prone.mha,1,1.4142135381698608,97.4399649698283,2845547,1.4142135381698608,0.5121390223503113,0.5121390223503113,0.9837483167648315,0.9837483167648315
colon_0160-prone.mha,1,2.0,99.712546603064,1965536,2.0,0.5716496109962463,0.5716496109962463,0.967254102230072,0.967254102230072
colon_0026-supine.mha,1,1.0,96.58609176105941,2092587,1.0,0.3749557137489319,0.3749557137489319,0.979483962059021,0.979483962059021
colon_0249-supine.mha,1,186.8930206298828,99.65616659196874,298982,1.0,81.03563690185547,0.5960143208503723,0.2171856015920639,0.973251461982727
colon_0249-supine.mha,2,57.45433044433594,99.66764772117624,2055951,1.0,4.40116024017334,0.5960143208503723,0.9105689525604248,0.973251461982727
colon_0249-supine.mha,3,217.7053985595703,0.0,37249,1.0,108.09526062011719,0.5960143208503723,0.0,0.973251461982727
colon_0249-supine.mha,4,268.9405212402344,99.46083570465778,6677,1.0,154.24339294433594,0.5960143208503723,0.005417977925390005,0.973251461982727
colon_0249-supine.mha,5,267.30694580078125,99.78517722878625,6517,1.0,160.25704956054688,0.5960143208503723,0.005305738653987646,0.973251461982727
colon_0063-supine.mha,1,1.0,99.71500109988224,927372,1.0,0.3985491394996643,0.3985491394996643,0.9702486991882324,0.9702486991882324
colon_0453-supine.mha,1,1.0,96.17940825428732,1671495,1.0,0.36721891164779663,0.36721891164779663,0.9778908491134644,0.9778908491134644
colon_0153-prone.mha,1,1.4142135381698608,99.04138669911646,1209664,1.4142135381698608,0.4264187514781952,0.4264187514781952,0.9724562168121338,0.9724562168121338
colon_0448-supine.mha,1,1.4142135381698608,97.41174525798948,1584929,1.4142135381698608,0.47327589988708496,0.47327589988708496,0.984356164932251,0.984356164932251
colon_0643-prone.mha,1,1.0,97.77431663123649,2313941,1.0,0.3038140535354614,0.3038140535354614,0.9861305952072144,0.9861305952072144
colon_0107-prone.mha,1,1.0,99.55434793795864,1457415,1.0,0.3807421326637268,0.3807421326637268,0.9770389795303345,0.9770389795303345
colon_0426-prone.mha,1,1.0,99.65563335138815,1811151,1.0,0.4058401882648468,0.4058401882648468,0.9730755090713501,0.9730755090713501
colon_0217-prone.mha,1,4.123105525970459,95.1640693409242,1661645,4.123105525970459,0.6145063638687134,0.6145063638687134,0.9730141162872314,0.9730141162872314
colon_0285-prone.mha,1,1.0,98.36295512789182,1084393,1.0,0.2916998267173767,0.2916998267173767,0.9761177897453308,0.9761177897453308
colon_0429-supine.mha,1,277.31146240234375,98.87109705098482,138453,1.0,129.68362426757812,0.3659898340702057,0.25444403290748596,0.9750536680221558
colon_0429-supine.mha,2,246.36009216308594,90.22608352255898,10129,1.0,146.87596130371094,0.3659898340702057,0.01928732544183731,0.9750536680221558
colon_0429-supine.mha,3,141.4307098388672,99.36061212316366,757756,1.0,13.669824600219727,0.3659898340702057,0.8882354497909546,0.9750536680221558
colon_0383-prone.mha,1,3.1622776985168457,95.2211021326011,1910859,3.1622776985168457,0.6044869422912598,0.6044869422912598,0.9740614891052246,0.9740614891052246
colon_0246-supine.mha,1,1.0,96.57572136433406,1941460,1.0,0.3716534972190857,0.3716534972190857,0.9802904725074768,0.9802904725074768
colon_0397-prone.mha,1,1.0,94.67369393715963,1896042,1.0,0.47440284490585327,0.47440284490585327,0.9710395336151123,0.9710395336151123
colon_0449-prone.mha,1,1.0,96.8929289122077,1496361,1.0,0.33452075719833374,0.33452075719833374,0.981210470199585,0.981210470199585
colon_0058-prone.mha,1,306.17608642578125,98.80044491344152,175315,1.0,156.9750213623047,0.3000936210155487,0.33831197023391724,0.9755613207817078
colon_0058-prone.mha,2,293.5455627441406,90.46585832801532,7835,1.0,194.13919067382812,0.3000936210155487,0.016551118344068527,0.9755613207817078
colon_0058-prone.mha,3,132.465087890625,98.17240082089803,653918,1.0,11.58021354675293,0.3000936210155487,0.8544856905937195,0.9755613207817078
colon_0260-supine.mha,1,1.0,99.75081797240658,1635752,1.0,0.3721115291118622,0.3721115291118622,0.9768651723861694,0.9768651723861694
colon_0130-supine.mha,1,277.17303466796875,97.79083228886614,104519,1.0,160.2316131591797,0.3278158903121948,0.14010688662528992,0.9769086837768555
colon_0130-supine.mha,2,64.38167572021484,98.46624420442058,1230248,1.0,3.3106000423431396,0.3278158903121948,0.9373248815536499,0.9769086837768555
colon_0407-prone.mha,1,229.60400390625,94.50617809220043,340801,1.4142135381698608,103.6571044921875,0.5733907222747803,0.3509715497493744,0.9619590044021606
colon_0407-prone.mha,2,52.70673751831055,92.65210474539153,1258442,1.4142135381698608,4.385647773742676,0.5733907222747803,0.8470587730407715,0.9619590044021606
colon_0511-prone.mha,1,1.0,95.6203950877707,1651633,1.0,0.39306047558784485,0.39306047558784485,0.9754632711410522,0.9754632711410522
colon_0251-supine.mha,1,242.88751220703125,97.8362445197785,201178,1.0,114.01972961425781,0.30367064476013184,0.3009777367115021,0.9759582281112671
colon_0251-supine.mha,2,65.89385223388672,97.98581433832747,897385,1.0,5.465246677398682,0.30367064476013184,0.8775062561035156,0.9759582281112671
colon_0542-prone.mha,1,1.0,94.92744254200451,1299384,1.0,0.4454168379306793,0.4454168379306793,0.9713417887687683,0.9713417887687683
colon_0819-supine.mha,1,1.0,98.08246411641736,2928498,1.0,0.2751976251602173,0.2751976251602173,0.987752377986908,0.987752377986908
colon_0658-prone.mha,1,1.7320507764816284,97.17313335629191,2668573,1.7320507764816284,0.45789605379104614,0.45789605379104614,0.980096161365509,0.980096161365509
colon_0194-prone.mha,1,155.184814453125,98.012366259107,752855,1.0,16.426982879638672,0.3862283527851105,0.8575665354728699,0.9692176580429077
colon_0194-prone.mha,2,217.1858673095703,89.18855534709193,25584,1.0,123.34232330322266,0.3862283527851105,0.045928843319416046,0.9692176580429077
colon_0194-prone.mha,3,214.19850158691406,98.77346742169694,170236,1.0,108.0271224975586,0.3862283527851105,0.2954432964324951,0.9692176580429077
colon_0412-prone.mha,1,2.2360680103302,95.07663958373776,2050246,2.2360680103302,0.5863662958145142,0.5863662958145142,0.9731553196907043,0.9731553196907043
colon_0270-prone.mha,1,1.7320507764816284,99.15182526230625,1562296,1.7320507764816284,0.4692390263080597,0.4692390263080597,0.9727280139923096,0.9727280139923096
colon_0297-supine.mha,1,1.0,95.20580977012524,1451486,1.0,0.6143888831138611,0.6143888831138611,0.9588360786437988,0.9588360786437988
colon_0228-supine.mha,1,188.14089965820312,99.99352634629928,339839,1.4142135381698608,77.3439712524414,0.7238949537277222,0.19171340763568878,0.9694640040397644
colon_0228-supine.mha,2,106.31792449951172,99.46433868649424,2703574,1.4142135381698608,7.266254425048828,0.7238949537277222,0.9102010130882263,0.9694640040397644
colon_0762-prone.mha,1,1.0,98.27578871805565,1668879,1.0,0.22549131512641907,0.22549131512641907,0.9865729212760925,0.9865729212760925
colon_0241-supine.mha,1,253.52317810058594,99.59268261763425,362862,12.12435531616211,113.1525650024414,1.0230858325958252,0.2748003304004669,0.9590603113174438
colon_0241-supine.mha,2,64.17164611816406,96.06221454796497,1884511,12.12435531616211,5.127249240875244,1.0230858325958252,0.8720556497573853,0.9590603113174438
colon_0241-supine.mha,3,224.93777465820312,0.0,14113,12.12435531616211,122.42594146728516,1.0230858325958252,0.0,0.9590603113174438
colon_0726-prone.mha,1,1.4142135381698608,97.15016615072946,1934990,1.4142135381698608,0.42951351404190063,0.42951351404190063,0.9829416871070862,0.9829416871070862
colon_0019-prone.mha,1,1.0,99.82598664147943,1752739,1.0,0.3696840703487396,0.3696840703487396,0.9774667620658875,0.9774667620658875
colon_0267-prone.mha,1,1.0,99.58382232501154,1511614,1.0,0.36529964208602905,0.5514652729034424,0.9750464558601379,0.9744912981987
colon_0267-prone.mha,2,344.59417724609375,0.0,1759,1.0,238.09698486328125,0.5514652729034424,0.0,0.9744912981987
colon_0079-prone.mha,1,196.4932403564453,99.99411409820627,67959,1.4142135381698608,99.21041870117188,0.6734464168548584,0.15695354342460632,0.9571689963340759
colon_0079-prone.mha,2,194.1906280517578,100.0,137457,1.4142135381698608,89.78010559082031,0.6734464168548584,0.2938927114009857,0.9571689963340759
colon_0079-prone.mha,3,196.54261779785156,100.0,11117,1.4142135381698608,113.25666809082031,0.6734464168548584,0.02748049423098564,0.9571689963340759
colon_0079-prone.mha,4,132.40692138671875,99.70170701968298,321496,1.4142135381698608,44.695858001708984,0.6734464168548584,0.5726625919342041,0.9571689963340759
colon_0079-prone.mha,5,152.3722381591797,100.0,196236,1.4142135381698608,65.03050994873047,0.6734464168548584,0.3947608172893524,0.9571689963340759
colon_0279-supine.mha,1,1.0,99.74202752713059,1655603,1.0,0.34045007824897766,0.34045007824897766,0.9811608791351318,0.9811608791351318
colon_0268-prone.mha,1,1.0,99.08064942014063,1431554,1.0,0.3554360568523407,0.3554360568523407,0.9779497981071472,0.9779497981071472
colon_0061-prone.mha,1,3.464101552963257,94.28734821691309,1440872,3.464101552963257,0.6314905881881714,0.6314905881881714,0.9693278670310974,0.9693278670310974
colon_0459-prone.mha,1,3.0,95.16414385748774,2030871,3.0,0.5736464858055115,0.5736464858055115,0.9727721810340881,0.9727721810340881
colon_0242-prone.mha,1,1.0,99.32692240018206,1278753,1.0,0.2943967878818512,0.2943967878818512,0.9776073098182678,0.9776073098182678
colon_0542-supine.mha,1,1.0,95.33971851610157,1256555,1.0,0.40724754333496094,0.40724754333496094,0.9735360741615295,0.9735360741615295
colon_0154-prone.mha,1,1.0,99.556797458117,2323317,1.0,0.37760022282600403,0.37760022282600403,0.9793630838394165,0.9793630838394165
colon_0085-supine.mha,1,137.4736328125,99.90184565643378,845607,1.0,37.03193664550781,0.5227243900299072,0.4407755732536316,0.9736611843109131
colon_0085-supine.mha,2,113.29676055908203,99.76610153715427,1998303,1.0,9.643564224243164,0.5227243900299072,0.7997171878814697,0.9736611843109131
colon_0085-supine.mha,3,208.341064453125,100.0,1010,1.0,118.0970458984375,0.5227243900299072,0.0006759148673154414,0.9736611843109131
colon_0441-prone.mha,1,1.0,98.20777648674589,2572447,1.0,0.3257352113723755,0.3257352113723755,0.985040009021759,0.985040009021759
colon_0286-prone.mha,1,5.385164737701416,94.77722974679872,2189049,5.385164737701416,0.8162538409233093,0.8162538409233093,0.9691502451896667,0.9691502451896667
colon_0172-supine.mha,1,1.0,98.70389851347812,1126455,1.0,0.37569165229797363,0.37569165229797363,0.974311888217926,0.974311888217926
colon_0244-prone.mha,1,196.53244018554688,98.29994934407681,633687,1.0,52.1389274597168,0.2947155833244324,0.6247541904449463,0.9778948426246643
colon_0244-prone.mha,2,305.7879638671875,96.65939816833841,57325,1.0,166.7303009033203,0.2947155833244324,0.07816627621650696,0.9778948426246643
colon_0244-prone.mha,3,317.7005920410156,91.54929577464789,11076,1.0,175.62709045410156,0.2947155833244324,0.014786751009523869,0.9778948426246643
colon_0244-prone.mha,4,173.6893768310547,98.01342496158705,651473,1.0,49.281982421875,0.2947155833244324,0.6347557902336121,0.9778948426246643
colon_0713-prone.mha,1,1.0,96.2273171650962,2005867,1.0,0.34856292605400085,0.34856292605400085,0.97858726978302,0.97858726978302
colon_0004-supine.mha,1,1.0,95.68261534538458,1776469,1.0,0.4298926889896393,0.4298926889896393,0.9760169386863708,0.9760169386863708
colon_0037-prone.mha,1,1.0,98.49745698517476,1478560,1.0,0.3547436594963074,0.3547436594963074,0.9718818068504333,0.9718818068504333
colon_0176-supine.mha,1,1.0,98.71047754486959,1143369,1.0,0.3673649728298187,0.3673649728298187,0.9739563465118408,0.9739563465118408
colon_0666-prone.mha,1,1.4142135381698608,94.14023167287463,1465860,1.4142135381698608,0.5027575492858887,0.5027575492858887,0.9680588245391846,0.9680588245391846
colon_0172-prone.mha,1,1.0,99.50311248969268,1404342,1.0,0.36120641231536865,0.36120641231536865,0.977042019367218,0.977042019367218
colon_0427-prone.mha,1,1.0,99.51766064083215,1883114,1.0,0.3903709948062897,0.3903709948062897,0.97794109582901,0.97794109582901
colon_0137-supine.mha,1,1.0,93.39380403980172,1435516,1.0,0.5184539556503296,0.5184539556503296,0.9638599753379822,0.9638599753379822
colon_0464-supine.mha,1,1.7320507764816284,96.1214846794356,1900289,1.7320507764816284,0.4949307143688202,0.4949307143688202,0.9783574342727661,0.9783574342727661
colon_0700-prone.mha,1,1.0,96.85306291367674,1795333,1.0,0.3996593654155731,0.3996593654155731,0.9810673594474792,0.9810673594474792
colon_0587-supine.mha,1,1.0,96.53950529032201,1366741,1.0,0.36223849654197693,0.36223849654197693,0.980305016040802,0.980305016040802
colon_0458-supine.mha,1,1.0,97.98608747116329,2764271,1.0,0.322003573179245,0.322003573179245,0.9865668416023254,0.9865668416023254
colon_0144-prone.mha,1,1.0,99.70393630448856,2212024,1.0,0.429605096578598,0.429605096578598,0.9747987985610962,0.9747987985610962
colon_0040-prone.mha,1,179.07261657714844,99.2168141676044,532313,1.0,38.40861511230469,0.264390766620636,0.702350914478302,0.977668821811676
colon_0040-prone.mha,2,164.7179412841797,98.57686011511855,416614,1.0,40.388240814208984,0.264390766620636,0.5916658043861389,0.977668821811676
colon_0063-prone.mha,1,1.0,99.66289720757294,1065847,1.0,0.4096637964248657,0.4096637964248657,0.9727449417114258,0.9727449417114258
colon_0173-supine.mha,1,1.4142135381698608,95.95538404741734,1920479,1.4142135381698608,0.46300315856933594,0.46300315856933594,0.9771744608879089,0.9771744608879089
colon_0775-supine.mha,1,1.4142135381698608,96.57778101536127,2621983,1.4142135381698608,0.43913158774375916,0.43913158774375916,0.9801244735717773,0.9801244735717773
colon_0424-prone.mha,1,1.0,98.74888552619834,929811,1.0,0.3311861753463745,0.3311861753463745,0.969974160194397,0.969974160194397
colon_0054-prone.mha,1,245.55447387695312,97.76386695537502,122846,1.4142135381698608,94.66881561279297,0.7416096329689026,0.33692944049835205,0.961826503276825
colon_0054-prone.mha,2,144.01736450195312,95.97787419547203,48631,1.4142135381698608,69.87843322753906,0.7416096329689026,0.14615900814533234,0.961826503276825
colon_0054-prone.mha,3,166.0596160888672,92.91618471159279,189333,1.4142135381698608,65.11945343017578,0.7416096329689026,0.4514325261116028,0.961826503276825
colon_0054-prone.mha,4,180.9524688720703,98.91339057621346,225472,1.4142135381698608,56.1319465637207,0.7416096329689026,0.5469382405281067,0.961826503276825
colon_0145-supine.mha,1,1.7320507764816284,94.38710686690608,1470240,1.7320507764816284,0.5363753437995911,0.5363753437995911,0.9697790741920471,0.9697790741920471
colon_0250-supine.mha,1,1.0,99.76384722877411,2808775,1.0,0.4455174207687378,0.4455174207687378,0.9801605939865112,0.9801605939865112
colon_0193-prone.mha,1,1.0,99.78058366206233,2191268,1.0,0.5073043704032898,0.5073043704032898,0.9760618209838867,0.9760618209838867
colon_0275-supine.mha,1,1.0,99.6286771714149,1390165,1.0,0.37715208530426025,0.37715208530426025,0.9734675884246826,0.9734675884246826
colon_0081-prone.mha,1,243.43582153320312,99.04903251990467,251323,1.0,92.69416809082031,0.48543599247932434,0.4948100447654724,0.9637390375137329
colon_0081-prone.mha,2,148.78843688964844,99.5084135242835,344802,1.0,48.26597595214844,0.48543599247932434,0.6240266561508179,0.9637390375137329
colon_0081-prone.mha,3,182.792236328125,95.86644139246224,119558,1.0,93.74349975585938,0.48543599247932434,0.2621558904647827,0.9637390375137329
colon_0081-prone.mha,4,201.90591430664062,54.003518921659264,33533,1.0,108.1756820678711,0.48543599247932434,0.045939426869153976,0.9637390375137329
colon_0552-supine.mha,1,2.0,95.82853206599778,2679848,2.0,0.5529473423957825,0.5529473423957825,0.9760873317718506,0.9760873317718506
colon_0043-prone.mha,1,1.4142135381698608,95.99509314845524,2349368,1.4142135381698608,0.48639875650405884,0.48639875650405884,0.9777259826660156,0.9777259826660156
colon_0413-supine.mha,1,1.0,99.58659630524511,1537964,1.0,0.35158857703208923,0.35158857703208923,0.9773920178413391,0.9773920178413391
colon_0429-prone.mha,1,1.0,99.23912571498498,1013308,1.0,0.3218606114387512,0.3218606114387512,0.9732044339179993,0.9732044339179993
colon_0481-prone.mha,1,4.123105525970459,96.63293734496101,1879769,4.123105525970459,0.5764023065567017,0.5764023065567017,0.9803656935691833,0.9803656935691833
colon_0049-supine.mha,1,321.5182800292969,94.79142185663925,68080,1.0,210.6864013671875,0.5316774249076843,0.09697434306144714,0.9694610834121704
colon_0049-supine.mha,2,91.54336547851562,96.991360899378,684562,1.0,12.72280216217041,0.5316774249076843,0.6818887591362,0.9694610834121704
colon_0049-supine.mha,3,193.18215942382812,96.10109064422764,521710,1.0,54.872962951660156,0.5316774249076843,0.561890184879303,0.9694610834121704
colon_0207-prone.mha,1,196.05599975585938,99.22875145564831,255041,1.0,84.76475524902344,0.3759291172027588,0.3546940088272095,0.9714369177818298
colon_0207-prone.mha,2,71.5960922241211,99.22587967695297,868728,1.0,7.074990272521973,0.3759291172027588,0.8448168635368347,0.9714369177818298
colon_0006-supine.mha,1,1.0,97.57249421822543,2263146,1.0,0.2924298346042633,0.2924298346042633,0.9825887084007263,0.9825887084007263
colon_0791-prone.mha,1,1.0,95.31988253460116,1946105,1.0,0.4094521105289459,0.4094521105289459,0.9740273952484131,0.9740273952484131
colon_0523-supine.mha,1,1.0,96.90354602829989,1738311,1.0,0.3709806799888611,0.3709806799888611,0.9787192940711975,0.9787192940711975
colon_0074-supine.mha,1,1.4142135381698608,91.4308842235842,1426845,1.4142135381698608,0.6767999529838562,0.6767999529838562,0.9535824060440063,0.9535824060440063
colon_0259-prone.mha,1,1.0,99.47442535322907,1496267,1.0,0.3275030851364136,0.3275030851364136,0.9770280122756958,0.9770280122756958
colon_0353-supine.mha,1,1.0,97.36890460828538,2895220,1.0,0.3372619152069092,0.3372619152069092,0.9835019111633301,0.9835019111633301
colon_0807-prone.mha,1,1.4142135381698608,94.07154462367109,1488246,1.4142135381698608,0.481797456741333,0.481797456741333,0.9636080265045166,0.9636080265045166
colon_0604-prone.mha,1,1.0,97.91722281570489,2161441,1.0,0.3152904510498047,0.3152904510498047,0.9858556389808655,0.9858556389808655
colon_0132-prone.mha,1,1.0,99.53418526186874,2639032,1.0,0.3680846095085144,0.3680846095085144,0.9804217219352722,0.9804217219352722
colon_0065-prone.mha,1,10.24695110321045,94.3484586953979,1829554,10.24695110321045,1.0255531072616577,1.0255531072616577,0.9693916440010071,0.9693916440010071
colon_0096-supine.mha,1,1.0,99.18024201328592,1269765,1.0,0.3428743779659271,0.3428743779659271,0.9797542095184326,0.9797542095184326
colon_0167-prone.mha,1,282.64111328125,99.32893419325949,321578,1.0,113.79349517822266,0.3066849410533905,0.35567381978034973,0.9782947301864624
colon_0167-prone.mha,2,213.44529724121094,98.19446660133549,175516,1.0,89.36433410644531,0.3066849410533905,0.20889557898044586,0.9782947301864624
colon_0167-prone.mha,3,233.96493530273438,98.46348804055124,37878,1.0,124.65453338623047,0.3066849410533905,0.04931898042559624,0.9782947301864624
colon_0167-prone.mha,4,152.50901794433594,98.80939687174002,909707,1.0,27.117408752441406,0.3066849410533905,0.7540055513381958,0.9782947301864624
colon_0450-supine.mha,1,7.280109882354736,91.48301080836193,1931375,7.280109882354736,1.1118370294570923,1.1118370294570923,0.9448513388633728,0.9448513388633728
colon_0303-prone.mha,1,1.0,96.36615777330519,1711164,1.0,0.364715039730072,0.364715039730072,0.9798073768615723,0.9798073768615723
colon_0120-prone.mha,1,1.0,96.41079217190747,1226148,1.0,0.3571636378765106,0.3571636378765106,0.9793896675109863,0.9793896675109863
colon_0269-prone.mha,1,1.0,99.15993944240742,994095,1.0,0.3157085180282593,0.3157085180282593,0.9746538996696472,0.9746538996696472
colon_0420-supine.mha,1,1.0,97.02719744262154,2134686,1.0,0.3718443512916565,0.3718443512916565,0.9820845127105713,0.9820845127105713
colon_0146-supine.mha,1,1.0,99.3151071821956,1841164,1.0,0.38165080547332764,0.8369978070259094,0.9703122973442078,0.964198887348175
colon_0146-supine.mha,2,204.218017578125,0.0,23897,1.0,134.95791625976562,0.8369978070259094,0.0,0.964198887348175
colon_0629-prone.mha,1,1.7320507764816284,94.55457382482264,1488754,1.7320507764816284,0.5592092275619507,0.5592092275619507,0.9703381061553955,0.9703381061553955
colon_0746-prone.mha,1,6.082762718200684,94.36576067978116,2061840,6.082762718200684,0.8597589731216431,0.8597589731216431,0.9696893692016602,0.9696893692016602
colon_0218-supine.mha,1,1.0,96.53046146434178,2042433,1.0,0.4144189655780792,0.6352846026420593,0.9807851910591125,0.9753777384757996
colon_0218-supine.mha,2,255.03565979003906,0.0,22289,1.0,139.96250915527344,0.6352846026420593,0.0,0.9753777384757996
colon_0268-supine.mha,1,1.0,99.2302270424424,1601771,1.0,0.3250054121017456,0.3250054121017456,0.981728196144104,0.981728196144104
colon_0115-supine.mha,1,2.0,93.38932181050968,1144164,2.0,0.5797794461250305,0.9235947132110596,0.9648643732070923,0.9518522620201111
colon_0115-supine.mha,2,256.7508544921875,0.0,30278,2.0,124.9383316040039,0.9235947132110596,0.0,0.9518522620201111
colon_0041-prone.mha,1,1.4142135381698608,93.33394745651896,2225395,1.4142135381698608,0.6420461535453796,0.6420461535453796,0.9640971422195435,0.9640971422195435
colon_0411-supine.mha,1,1.0,99.29568546064377,1958216,1.0,0.34588342905044556,0.34588342905044556,0.979938805103302,0.979938805103302
colon_0141-prone.mha,1,1.0,93.71396938604735,1165155,1.0,0.48142188787460327,0.48142188787460327,0.9643851518630981,0.9643851518630981
colon_0164-prone.mha,1,203.57554626464844,99.57501019418336,394833,1.0,68.79058074951172,0.32926666736602783,0.5031456351280212,0.9773380756378174
colon_0164-prone.mha,2,236.89027404785156,98.60339506172839,12960,1.0,128.41302490234375,0.32926666736602783,0.021642539650201797,0.9773380756378174
colon_0164-prone.mha,3,141.77304077148438,98.76432347291363,344103,1.0,44.941551208496094,0.32926666736602783,0.44952112436294556,0.9773380756378174
colon_0164-prone.mha,4,183.60011291503906,99.12152843081938,382824,1.0,73.62638854980469,0.32926666736602783,0.4893811345100403,0.9773380756378174
colon_0209-supine.mha,1,5.099019527435303,93.00127963192215,1823962,5.099019527435303,0.778799831867218,0.778799831867218,0.9621808528900146,0.9621808528900146
colon_0188-prone.mha,1,140.0995635986328,99.09813108805552,283855,1.0,51.914146423339844,0.29195263981819153,0.4888562858104706,0.9756471514701843
colon_0188-prone.mha,2,105.77072143554688,97.1198365433897,579481,1.0,13.43247127532959,0.29195263981819153,0.7781659364700317,0.9756471514701843
colon_0714-supine.mha,1,320.1935729980469,0.0,14801,1.0,215.12928771972656,0.8463990092277527,0.0,0.9734825491905212
colon_0714-supine.mha,2,1.0,96.27754749212167,1406707,1.0,0.3618893027305603,0.8463990092277527,0.9786885380744934,0.9734825491905212
colon_0703-prone.mha,1,1.0,97.61264103793826,1386595,1.0,0.2581302523612976,0.2581302523612976,0.9838401675224304,0.9838401675224304
colon_0628-supine.mha,1,8.485280990600586,94.4888540511379,1694203,8.0,1.240740418434143,1.1826026439666748,0.9606428146362305,0.9630863070487976
colon_0628-supine.mha,2,192.24203491210938,88.92560328426956,9987,8.0,91.1333999633789,1.1826026439666748,0.010773852467536926,0.9630863070487976
colon_0197-prone.mha,1,1.0,97.01548994096561,1707818,1.0,0.29910609126091003,0.29910609126091003,0.9821070432662964,0.9821070432662964
colon_0502-supine.mha,1,1.0,96.84338367732977,1968722,1.0,0.3844086229801178,0.3844086229801178,0.9767737984657288,0.9767737984657288
colon_0096-prone.mha,1,238.3739471435547,99.15110121804533,216987,1.0,97.16564178466797,0.31037986278533936,0.3035099506378174,0.9800943732261658
colon_0096-prone.mha,2,264.8509826660156,87.19262295081968,1952,1.0,159.63059997558594,0.31037986278533936,0.0028303503058850765,0.9800943732261658
colon_0096-prone.mha,3,133.51422119140625,99.52189402546874,947907,1.0,13.44942569732666,0.31037986278533936,0.8781164288520813,0.9800943732261658
colon_0159-prone.mha,1,1.4142135381698608,99.27285425000096,2081976,1.4142135381698608,0.44152966141700745,0.44152966141700745,0.9752998948097229,0.9752998948097229
colon_0052-prone.mha,1,1.0,96.85060386930678,1056520,1.0,0.28701210021972656,0.28701210021972656,0.9815106987953186,0.9815106987953186
colon_0290-prone.mha,1,179.31536865234375,99.96793268429086,233883,1.0,72.84699249267578,0.5647676587104797,0.21279647946357727,0.9700571298599243
colon_0290-prone.mha,2,60.514461517333984,99.93750193181467,1617650,1.0,4.306154727935791,0.5647676587104797,0.9028357863426208,0.9700571298599243
colon_0113-supine.mha,1,39.25557327270508,80.65196547798152,3093446,39.25557327270508,2.9887852668762207,2.9887852668762207,0.8910980820655823,0.8910980820655823
colon_0086-prone.mha,1,94.76286315917969,99.75554089581688,2163143,1.0,10.947226524353027,0.4449831545352936,0.7997941374778748,0.976053774356842
colon_0086-prone.mha,2,202.765869140625,99.96039970190984,919185,1.0,64.13357543945312,0.4449831545352936,0.442584753036499,0.976053774356842
colon_0086-prone.mha,3,305.9383544921875,98.84235294117647,10625,1.0,161.3123779296875,0.4449831545352936,0.006475704722106457,0.976053774356842
colon_0184-supine.mha,1,273.25811767578125,99.8751479926811,46455,1.0,168.7599639892578,0.3550383150577545,0.06243230029940605,0.9771813750267029
colon_0184-supine.mha,2,2.0,99.4524648385229,1343658,1.0,1.1141996383666992,0.3550383150577545,0.9601529240608215,0.9771813750267029
colon_0490-prone.mha,1,1.0,95.31461606084105,1851908,1.0,0.4322538673877716,0.4322538673877716,0.9715522527694702,0.9715522527694702
colon_0219-prone.mha,1,1.0,99.47137235633231,1416498,1.0,0.3489721119403839,0.3489721119403839,0.9768412709236145,0.9768412709236145
colon_0278-supine.mha,1,193.82566833496094,99.9961548485224,234061,1.4142135381698608,74.08732604980469,0.5745026469230652,0.44074973464012146,0.9447166919708252
colon_0278-supine.mha,2,137.802001953125,99.99436520514176,141975,1.4142135381698608,46.33843231201172,0.5745026469230652,0.2927224040031433,0.9447166919708252
colon_0278-supine.mha,3,145.6674346923828,95.41229820061696,400026,1.4142135381698608,28.52513885498047,0.5745026469230652,0.6216047406196594,0.9447166919708252
colon_0009-prone.mha,1,220.8053436279297,99.62187702094523,151538,1.0,123.02117156982422,0.5576311349868774,0.22584675252437592,0.9655440449714661
colon_0009-prone.mha,2,218.3300323486328,99.48678222136148,10327,1.0,134.18716430664062,0.5576311349868774,0.017185358330607414,0.9655440449714661
colon_0009-prone.mha,3,230.321044921875,94.34650455927051,1645,1.0,146.18553161621094,0.5576311349868774,0.002615024335682392,0.9655440449714661
colon_0009-prone.mha,4,113.2298583984375,99.84047382757237,947180,1.0,9.510734558105469,0.5576311349868774,0.8869019746780396,0.9655440449714661
colon_0564-prone.mha,1,1.4142135381698608,96.83757099156396,2579884,1.4142135381698608,0.5415237545967102,0.5415237545967102,0.9815000295639038,0.9815000295639038
colon_0458-prone.mha,1,1.0,97.99959735785939,2771692,1.0,0.2867538630962372,0.2867538630962372,0.9872422814369202,0.9872422814369202
colon_0113-prone.mha,1,1.7320507764816284,96.83417785444435,3467251,1.7320507764816284,0.48933738470077515,0.48933738470077515,0.9811451435089111,0.9811451435089111
colon_0771-prone.mha,1,1.0,97.82513818883487,2779349,1.0,0.2946263253688812,0.2946263253688812,0.9863018989562988,0.9863018989562988
colon_0254-supine.mha,1,1.0,99.43366776848414,1713835,1.0,0.3562106192111969,0.3562106192111969,0.9797383546829224,0.9797383546829224
colon_0319-prone.mha,1,1.0,94.58309315156555,1505804,1.0,0.42995747923851013,0.42995747923851013,0.9704055190086365,0.9704055190086365
colon_0018-supine.mha,1,1.0,97.35896591794068,1628188,1.0,0.29522690176963806,0.29522690176963806,0.9841203093528748,0.9841203093528748
colon_0106-prone.mha,1,1.0,98.42607596235376,994203,1.0,0.29651060700416565,0.29651060700416565,0.9783627390861511,0.9783627390861511
colon_0059-supine.mha,1,1.0,97.07833344572751,1260445,1.0,0.2870124578475952,0.2870124578475952,0.9807558655738831,0.9807558655738831
colon_0388-supine.mha,1,1.0,95.94447025408375,2081479,1.0,0.37060636281967163,0.37060636281967163,0.976952075958252,0.976952075958252
colon_0789-supine.mha,1,1.0,97.12084672363368,2007361,1.0,0.33676236867904663,0.33676236867904663,0.9808616638183594,0.9808616638183594
colon_0185-supine.mha,1,1.0,97.18662798273901,667633,1.0,0.2915439307689667,0.2915439307689667,0.9748003482818604,0.9748003482818604
colon_0488-prone.mha,1,1.0,96.60089810024114,2019151,1.0,0.38931286334991455,0.38931286334991455,0.9795486927032471,0.9795486927032471
colon_0207-supine.mha,1,1.7320507764816284,93.81125893864747,1463868,1.7320507764816284,0.5896425843238831,0.5896425843238831,0.966227114200592,0.966227114200592
colon_0208-prone.mha,1,5.385164737701416,94.83648893432142,1411617,5.385164737701416,0.7033107280731201,0.7033107280731201,0.9714221358299255,0.9714221358299255
colon_0080-supine.mha,1,260.4883728027344,99.99622295161224,264757,1.4142135381698608,148.3450469970703,0.5388883352279663,0.2579430937767029,0.9675650000572205
colon_0080-supine.mha,2,264.23663330078125,99.94182664339732,1719,1.4142135381698608,173.98291015625,0.5388883352279663,0.0019198566442355514,0.9675650000572205
colon_0080-supine.mha,3,266.313720703125,82.70326255825996,1931,1.4142135381698608,174.69100952148438,0.5388883352279663,0.0017844283720478415,0.9675650000572205
colon_0080-supine.mha,4,247.4792938232422,96.33401221995926,2455,1.4142135381698608,166.05972290039062,0.5388883352279663,0.0026417896151542664,0.9675650000572205
colon_0080-supine.mha,5,269.7424621582031,100.0,1383,1.4142135381698608,173.1741485595703,0.5388883352279663,0.0015457859262824059,0.9675650000572205
colon_0080-supine.mha,6,222.19586181640625,87.64599013755515,3853,1.4142135381698608,146.7503662109375,0.5388883352279663,0.0037692866753786802,0.9675650000572205
colon_0080-supine.mha,7,147.2718505859375,99.61731139450536,1410285,1.4142135381698608,12.130778312683105,0.5388883352279663,0.8785263895988464,0.9675650000572205
colon_0080-supine.mha,8,242.58193969726562,98.88451443569554,1524,1.4142135381698608,162.1775360107422,0.5388883352279663,0.0016842486802488565,0.9675650000572205
colon_0112-supine.mha,1,4.242640495300293,95.62724371276997,2068558,4.242640495300293,0.6523407101631165,0.6523407101631165,0.975151002407074,0.975151002407074
colon_0410-supine.mha,1,1.0,97.17937097797517,2868580,1.0,0.4513601064682007,0.4513601064682007,0.9833413362503052,0.9833413362503052
colon_0297-prone.mha,1,5.099019527435303,95.98347898489594,1276677,5.099019527435303,0.7283177375793457,0.7283177375793457,0.9527370929718018,0.9527370929718018
colon_0131-supine.mha,1,1.0,99.35688904286877,1451849,1.0,0.3354237675666809,0.3354237675666809,0.977191150188446,0.977191150188446
colon_0252-prone.mha,1,1.0,99.54523401364945,1855020,1.0,0.4550165832042694,0.4550165832042694,0.9746764302253723,0.9746764302253723
colon_0728-supine.mha,1,2.0,95.7703094137598,3407767,2.0,0.646476686000824,0.646476686000824,0.977319061756134,0.977319061756134
colon_0404-prone.mha,1,1.4142135381698608,95.55967538665406,1726608,1.4142135381698608,0.4973554313182831,0.4973554313182831,0.974144697189331,0.974144697189331
colon_0092-supine.mha,1,1.0,96.0457771394697,1811734,1.0,0.4176712930202484,0.4176712930202484,0.977393627166748,0.977393627166748
colon_0427-supine.mha,1,2.0,96.314251709523,2096345,2.0,0.6389642357826233,0.6389642357826233,0.9791334867477417,0.9791334867477417
colon_0067-prone.mha,1,266.9194641113281,99.89152823312898,82049,1.4142135381698608,167.50209045410156,0.524957001209259,0.1784011870622635,0.9464344382286072
colon_0067-prone.mha,2,219.93191528320312,98.15932472776477,46559,1.4142135381698608,122.3647232055664,0.524957001209259,0.10347568243741989,0.9464344382286072
colon_0067-prone.mha,3,279.7519226074219,100.0,5880,1.4142135381698608,176.13270568847656,0.524957001209259,0.01395582314580679,0.9464344382286072
colon_0067-prone.mha,4,173.80735778808594,96.16361890855576,347906,1.4142135381698608,51.685646057128906,0.524957001209259,0.5648066997528076,0.9464344382286072
colon_0067-prone.mha,5,220.57652282714844,100.0,5685,1.4142135381698608,156.63084411621094,0.524957001209259,0.013496126048266888,0.9464344382286072
colon_0067-prone.mha,6,224.6597442626953,99.99548155344192,44263,1.4142135381698608,134.3539276123047,0.524957001209259,0.10047420859336853,0.9464344382286072
colon_0067-prone.mha,7,212.3323974609375,93.69497748206244,279999,1.4142135381698608,42.867759704589844,0.524957001209259,0.46982479095458984,0.9464344382286072
colon_0147-supine.mha,1,1.4142135381698608,93.24102581275757,1911148,1.4142135381698608,0.6023030281066895,0.6023030281066895,0.9627239108085632,0.9627239108085632
colon_0712-prone.mha,1,1.0,95.2864198831625,1404686,1.0,0.3973023593425751,0.3973023593425751,0.9737699031829834,0.9737699031829834
colon_0511-supine.mha,1,1.0,94.9335611839775,1513272,1.0,0.41295579075813293,0.41295579075813293,0.9716572165489197,0.9716572165489197
colon_0571-prone.mha,1,4.690415859222412,95.69287743273071,2955732,4.690415859222412,0.626234233379364,0.626234233379364,0.9755090475082397,0.9755090475082397
colon_0037-supine.mha,1,6.480740547180176,89.76993285195074,1431017,6.480740547180176,1.100820779800415,1.100820779800415,0.9426858425140381,0.9426858425140381
colon_0815-prone.mha,1,1.0,96.98767840571169,3100167,1.0,0.34439700841903687,0.34439700841903687,0.9824846982955933,0.9824846982955933
colon_0286-supine.mha,1,9.848857879638672,93.04869863411886,2648986,9.848857879638672,1.283700704574585,1.283700704574585,0.9606828093528748,0.9606828093528748
colon_0007-prone.mha,1,1.0,95.82597611738161,1757345,1.0,0.38061439990997314,0.38061439990997314,0.9768581390380859,0.9768581390380859
colon_0669-prone.mha,1,1.0,96.56369992895264,1990222,1.0,0.39930611848831177,0.39930611848831177,0.979977548122406,0.979977548122406
colon_0729-supine.mha,1,4.898979663848877,95.65385815107453,2465313,4.898979663848877,0.6713829040527344,0.8861398100852966,0.9761252999305725,0.9731699824333191
colon_0729-supine.mha,2,283.10675048828125,0.0,14673,4.898979663848877,165.12872314453125,0.8861398100852966,0.0,0.9731699824333191
colon_0400-prone.mha,1,1.0,98.06304895613548,2771624,1.0,0.28936734795570374,0.28936734795570374,0.9865174889564514,0.9865174889564514
colon_0125-prone.mha,1,161.4761505126953,94.83723630309537,365192,2.2360680103302,45.45491027832031,0.5450268983840942,0.3223245143890381,0.9706100225448608
colon_0125-prone.mha,2,53.54014205932617,95.23332861779537,1491523,2.2360680103302,4.942906379699707,0.5450268983840942,0.8673481345176697,0.9706100225448608
colon_0718-prone.mha,1,4.4721360206604,96.67628030927293,2737776,4.4721360206604,0.6045141220092773,0.6045141220092773,0.9801932573318481,0.9801932573318481
colon_0414-supine.mha,1,1.0,99.02793834518148,1305267,1.0,0.3270203769207001,0.3270203769207001,0.9755917191505432,0.9755917191505432
colon_0087-supine.mha,1,1.0,99.30282148573875,1794232,1.0,0.3716356158256531,0.3716356158256531,0.974820613861084,0.974820613861084
colon_0175-supine.mha,1,259.1524658203125,98.74339210300937,135444,1.0,130.94029235839844,0.3180852234363556,0.2779574394226074,0.9745981097221375
colon_0175-supine.mha,2,240.30397033691406,93.17079238711283,24117,1.0,122.05856323242188,0.3180852234363556,0.05280889570713043,0.9745981097221375
colon_0175-supine.mha,3,273.5415954589844,87.54578754578755,1638,1.0,164.84701538085938,0.3180852234363556,0.0034616191405802965,0.9745981097221375
colon_0175-supine.mha,4,69.69935607910156,99.22371405186901,640228,1.0,7.431299209594727,0.3180852234363556,0.8660026788711548,0.9745981097221375
colon_0175-supine.mha,5,247.8951416015625,93.6558287073751,1261,1.0,147.25778198242188,0.3180852234363556,0.0028521851636469364,0.9745981097221375
colon_0187-prone.mha,1,1.0,99.69041647916022,1326621,1.0,0.3654543161392212,0.3654543161392212,0.9758349657058716,0.9758349657058716
colon_0420-prone.mha,1,149.45567321777344,99.76921672974582,832816,1.0,36.280029296875,0.44889044761657715,0.657171905040741,0.973197340965271
colon_0420-prone.mha,2,134.08206176757812,99.51394342194521,785711,1.0,35.95170593261719,0.44889044761657715,0.6301537752151489,0.973197340965271
colon_0031-prone.mha,1,1.0,96.2109705373787,2073882,1.0,0.43009623885154724,0.43009623885154724,0.9787003993988037,0.9787003993988037
colon_0094-prone.mha,1,236.14105224609375,99.25890762434581,254894,1.0,104.61354064941406,0.38361018896102905,0.19951966404914856,0.9765650629997253
colon_0094-prone.mha,2,33.86738967895508,99.5325532605748,1943323,1.0,2.308171272277832,0.38361018896102905,0.9157093167304993,0.9765650629997253
colon_0587-prone.mha,1,1.0,96.69418435726537,1272757,1.0,0.3199828267097473,0.3408122956752777,0.9809963703155518,0.9804914593696594
colon_0587-prone.mha,2,221.94459533691406,0.0,1292,1.0,122.4329605102539,0.3408122956752777,0.0,0.9804914593696594
colon_0627-prone.mha,1,1.0,95.49325395554916,2405039,1.0,0.4508960247039795,0.4508960247039795,0.9758026003837585,0.9758026003837585
colon_0135-prone.mha,1,1.0,99.52062602422757,2325533,1.0,0.39948320388793945,0.39948320388793945,0.9759815335273743,0.9759815335273743
colon_0026-prone.mha,1,1.0,94.697983512643,1423515,1.0,0.47511228919029236,0.47511228919029236,0.9674184322357178,0.9674184322357178
colon_0200-supine.mha,1,1.0,94.48536051020795,1683392,1.0,0.4560740292072296,0.4560740292072296,0.9706724882125854,0.9706724882125854
colon_0295-prone.mha,1,147.13938903808594,99.70482244439309,990929,1.0,30.548728942871094,0.3587576746940613,0.717954158782959,0.9753090739250183
colon_0295-prone.mha,2,156.38539123535156,99.10229514534404,703572,1.0,49.280731201171875,0.3587576746940613,0.5657435655593872,0.9753090739250183
colon_0058-supine.mha,1,330.73419189453125,97.36627786596729,72445,1.0,210.2022705078125,0.5624489188194275,0.20257028937339783,0.9690452218055725
colon_0058-supine.mha,2,304.0628356933594,97.23320158102767,13409,1.0,195.244873046875,0.5624489188194275,0.04091097414493561,0.9690452218055725
colon_0058-supine.mha,3,277.52874755859375,99.61783439490446,4710,1.0,199.17723083496094,0.5624489188194275,0.014926393516361713,0.9690452218055725
colon_0058-supine.mha,4,205.92816162109375,99.33266275133306,462285,1.0,23.902206420898438,0.5624489188194275,0.8454697728157043,0.9690452218055725
colon_0058-supine.mha,5,251.78164672851562,97.42744489690388,46413,1.0,151.88333129882812,0.5624489188194275,0.13490396738052368,0.9690452218055725
colon_0073-prone.mha,1,296.6700134277344,98.75361908489548,360243,2.0,116.9284439086914,0.6092709898948669,0.3651939928531647,0.9600650668144226
colon_0073-prone.mha,2,121.75833892822266,93.96192716466585,1260899,2.0,11.2564058303833,0.6092709898948669,0.8317198753356934,0.9600650668144226
colon_0304-supine.mha,1,1.0,94.73481881068994,1443711,1.0,0.41903457045555115,0.41903457045555115,0.971528172492981,0.971528172492981
colon_0277-prone.mha,1,50.78385543823242,97.56127093597739,586371,1.4142135381698608,3.501091241836548,0.712404191493988,0.924061119556427,0.955778181552887
colon_0277-prone.mha,2,263.0752868652344,0.0,9601,1.4142135381698608,157.5598602294922,0.712404191493988,0.0,0.955778181552887
colon_0277-prone.mha,3,224.4339599609375,0.0,7328,1.4142135381698608,136.29931640625,0.712404191493988,0.0,0.955778181552887
colon_0277-prone.mha,4,229.79469299316406,96.56907076644812,17692,1.4142135381698608,136.81646728515625,0.712404191493988,0.05103900283575058,0.955778181552887
colon_0277-prone.mha,5,213.5743408203125,91.30637999532601,42790,1.4142135381698608,123.14456176757812,0.712404191493988,0.11249867081642151,0.955778181552887
colon_0277-prone.mha,6,258.6387634277344,93.6231884057971,1035,1.4142135381698608,169.3421630859375,0.712404191493988,0.0029686091002076864,0.955778181552887
colon_0305-prone.mha,1,2.2360680103302,94.2175542806458,1695632,2.2360680103302,0.5948358774185181,0.5948358774185181,0.9679402709007263,0.9679402709007263
colon_0031-supine.mha,1,1.0,96.15690009110644,2375244,1.0,0.43202170729637146,0.43202170729637146,0.9797784090042114,0.9797784090042114
colon_0601-prone.mha,1,2.0,95.93880083744696,2484217,2.0,0.5579886436462402,0.5579886436462402,0.9773163199424744,0.9773163199424744
colon_0589-supine.mha,1,1.0,95.14566105586768,1521649,1.0,0.40576979517936707,0.40576979517936707,0.9727272987365723,0.9727272987365723
colon_0016-supine.mha,1,1.4142135381698608,94.80614304419173,1748970,1.4142135381698608,0.5454686880111694,0.5454686880111694,0.9718490839004517,0.9718490839004517
colon_0017-supine.mha,1,1.0,94.15223834385216,1337127,1.0,0.4674048125743866,0.4674048125743866,0.967481255531311,0.967481255531311
colon_0631-prone.mha,1,6.4031243324279785,95.38037827337327,1971590,6.4031243324279785,0.7513465881347656,0.7513465881347656,0.9746670722961426,0.9746670722961426
colon_0438-prone.mha,1,1.0,96.54515481237223,2319033,1.0,0.4353043735027313,0.4353043735027313,0.9799702167510986,0.9799702167510986
colon_0651-supine.mha,1,1.0,93.68656647072866,1248354,1.0,0.5156751871109009,0.5156751871109009,0.9661152362823486,0.9661152362823486
colon_0197-supine.mha,1,225.78086853027344,99.64031111551375,292753,1.0,99.5693359375,0.3946858048439026,0.32267841696739197,0.9729101657867432
colon_0197-supine.mha,2,157.5899658203125,99.89163289094328,1147027,1.0,16.05423355102539,0.3946858048439026,0.8607584834098816,0.9729101657867432
colon_0526-supine.mha,1,1.7320507764816284,95.20745512788345,1912992,1.7320507764816284,0.5007544755935669,0.5007544755935669,0.9736668467521667,0.9736668467521667
colon_0690-supine.mha,1,1.4142135381698608,95.56254238628493,2086465,1.4142135381698608,0.4389384388923645,0.4389384388923645,0.974489688873291,0.974489688873291
colon_0187-supine.mha,1,1.0,99.02670446942325,956544,1.0,0.3039860725402832,0.3039860725402832,0.9749001860618591,0.9749001860618591
colon_0291-prone.mha,1,1.0,99.08240977132601,1292189,1.0,0.3290571868419647,0.3290571868419647,0.9759393930435181,0.9759393930435181
colon_0495-supine.mha,1,29.816102981567383,72.34666165941658,2875830,31.208972930908203,2.6190402507781982,2.6740846633911133,0.8157787322998047,0.8155718445777893
colon_0495-supine.mha,2,308.64410400390625,0.0,1294,31.208972930908203,197.7764434814453,2.6740846633911133,0.0,0.8155718445777893
colon_0109-supine.mha,1,291.9532470703125,95.52195883488764,97364,1.0,176.9853057861328,0.3299676775932312,0.16192744672298431,0.9744269847869873
colon_0109-supine.mha,2,61.49072265625,98.67740585281362,934149,1.0,3.13362979888916,0.3299676775932312,0.9285272359848022,0.9744269847869873
colon_0114-supine.mha,1,343.07257080078125,94.77182701177492,73716,1.0,207.90921020507812,0.3244425654411316,0.0891244187951088,0.9761462211608887
colon_0114-supine.mha,2,206.3468017578125,98.34803453813392,214835,1.0,98.33116149902344,0.3244425654411316,0.2472829818725586,0.9761462211608887
colon_0114-supine.mha,3,67.607666015625,97.85950374672224,1200516,1.0,7.104510307312012,0.3244425654411316,0.8719993233680725,0.9761462211608887
colon_0346-supine.mha,1,1.0,96.54630568247472,1890092,1.0,0.36985430121421814,0.36985430121421814,0.9802680015563965,0.9802680015563965
colon_0002-supine.mha,1,1.0,99.51148712979499,2840048,1.0,0.45140549540519714,0.45140549540519714,0.974631130695343,0.974631130695343
colon_0224-prone.mha,1,1.0,99.82695698210321,1807643,1.0,0.4085495173931122,0.4085495173931122,0.9753162264823914,0.9753162264823914
colon_0678-supine.mha,1,1.0,98.83555914191223,5135512,1.0,0.27659234404563904,0.5588875412940979,0.9891611933708191,0.9864421486854553
colon_0678-supine.mha,2,300.6060791015625,0.0,18788,1.0,177.53781127929688,0.5588875412940979,0.0,0.9864421486854553
colon_0678-supine.mha,3,265.0924377441406,0.0,7522,1.0,173.73715209960938,0.5588875412940979,0.0,0.9864421486854553
colon_0678-supine.mha,4,243.90367126464844,0.0,1978,1.0,166.4721221923828,0.5588875412940979,0.0,0.9864421486854553
colon_0224-supine.mha,1,1.0,99.83227812074848,1774366,1.0,0.4024560749530792,0.4024560749530792,0.9757246375083923,0.9757246375083923
colon_0045-supine.mha,1,184.8323516845703,98.1769397084051,295547,1.4142135381698608,76.45819091796875,0.7757608294487,0.293497234582901,0.9417616128921509
colon_0045-supine.mha,2,58.66856002807617,99.9383171635791,1212655,1.4142135381698608,5.966121196746826,0.7757608294487,0.8374266028404236,0.9417616128921509
colon_0284-prone.mha,1,259.857666015625,99.51134714066391,334798,1.0,97.10826873779297,0.3376323878765106,0.3439824879169464,0.979799747467041
colon_0284-prone.mha,2,91.58602142333984,99.62905705992155,1216090,1.0,8.396783828735352,0.3376323878765106,0.8597701191902161,0.979799747467041
colon_0069-supine.mha,1,1.0,98.87347006624361,1852858,1.0,0.3603501617908478,0.3603501617908478,0.9776645302772522,0.9776645302772522
colon_0783-prone.mha,1,3.0,95.60435553594489,2166622,3.0,0.6318982839584351,0.6318982839584351,0.9754875898361206,0.9754875898361206
colon_0105-prone.mha,1,6.4031243324279785,93.62006326676446,1796836,6.4031243324279785,0.8563560843467712,0.8563560843467712,0.9657769799232483,0.9657769799232483
colon_0174-supine.mha,1,182.59518432617188,99.6362673977511,147361,1.0,92.68865966796875,0.4555716812610626,0.1544514298439026,0.9749171137809753
colon_0174-supine.mha,2,27.440845489501953,99.81300444114453,1527309,1.0,2.090269088745117,0.4555716812610626,0.9292065501213074,0.9749171137809753
colon_0367-supine.mha,1,2.4494898319244385,95.29202585629797,2800865,2.4494898319244385,0.6343390345573425,0.7317537069320679,0.9725792407989502,0.9721395969390869
colon_0367-supine.mha,2,442.5268249511719,0.0,2482,2.4494898319244385,254.1056365966797,0.7317537069320679,0.0,0.9721395969390869
colon_0077-prone.mha,1,154.3826446533203,99.08081976436725,828238,1.0,29.97341537475586,0.3737323582172394,0.7282129526138306,0.9767448902130127
colon_0077-prone.mha,2,193.51744079589844,98.20335427921775,567335,1.0,69.14476776123047,0.3737323582172394,0.5591263175010681,0.9767448902130127
colon_0164-supine.mha,1,1.0,98.66826400186758,1105174,1.0,0.2847258448600769,0.2847258448600769,0.9781234264373779,0.9781234264373779
colon_0220-prone.mha,1,1.4142135381698608,95.6441443140076,2068434,1.4142135381698608,0.4808619022369385,0.4808619022369385,0.9759116768836975,0.9759116768836975
colon_0408-supine.mha,1,2.2360680103302,96.53565561548372,3323053,2.2360680103302,0.5517879724502563,0.5517879724502563,0.9795941710472107,0.9795941710472107
colon_0235-prone.mha,1,1.0,97.05796112037505,1797291,1.0,0.3022884130477905,0.3022884130477905,0.9828382134437561,0.9828382134437561
colon_0025-prone.mha,1,251.18719482421875,96.84427202211027,450831,3.1622776985168457,117.48697662353516,0.6992396712303162,0.3926889896392822,0.9597674608230591
colon_0025-prone.mha,2,207.5331268310547,83.75628721661138,175157,3.1622776985168457,91.78658294677734,0.6992396712303162,0.15062199532985687,0.9597674608230591
colon_0025-prone.mha,3,155.54742431640625,94.3747008167193,1224166,3.1622776985168457,20.69684600830078,0.6992396712303162,0.7709735035896301,0.9597674608230591
colon_0230-prone.mha,1,240.19448852539062,99.99662240136004,177641,1.4142135381698608,125.91505432128906,1.1377673149108887,0.18761122226715088,0.9523040056228638
colon_0230-prone.mha,2,216.63743591308594,99.96801935524239,143837,1.4142135381698608,102.9310073852539,1.1377673149108887,0.1546267867088318,0.9523040056228638
colon_0230-prone.mha,3,110.94769287109375,96.11340971540059,883628,1.4142135381698608,21.5795955657959,1.1377673149108887,0.6533873677253723,0.9523040056228638
colon_0230-prone.mha,4,200.402099609375,99.84582674150285,99239,1.4142135381698608,107.82022094726562,1.1377673149108887,0.10917075723409653,0.9523040056228638
colon_0230-prone.mha,5,218.47286987304688,99.92407993210401,324025,1.4142135381698608,105.05003356933594,1.1377673149108887,0.31742510199546814,0.9523040056228638
colon_0230-prone.mha,6,323.0213317871094,0.0,2401,1.4142135381698608,218.88575744628906,1.1377673149108887,0.0,0.9523040056228638
colon_0299-prone.mha,1,1.0,98.84384272421957,1354487,1.0,0.4019986093044281,0.4019986093044281,0.9743187427520752,0.9743187427520752
colon_0229-supine.mha,1,1.0,98.95129124311819,916365,1.0,0.302591472864151,0.37073463201522827,0.9747538566589355,0.9739293456077576
colon_0229-supine.mha,2,246.17677307128906,0.0,1575,1.0,124.54550170898438,0.37073463201522827,0.0,0.9739293456077576
colon_0607-supine.mha,1,1.0,96.21942269446883,1399363,1.0,0.38392552733421326,0.38392552733421326,0.9776743650436401,0.9776743650436401
colon_0211-prone.mha,1,285.60662841796875,99.19194067143351,263347,1.0,116.71061706542969,0.3434598743915558,0.3633052110671997,0.9718693494796753
colon_0211-prone.mha,2,157.6170654296875,98.51522653641354,463303,1.0,56.66478729248047,0.3434598743915558,0.5573044419288635,0.9718693494796753
colon_0211-prone.mha,3,199.07823181152344,98.9335176175045,214162,1.0,83.00724029541016,0.3434598743915558,0.30511748790740967,0.9718693494796753
colon_0211-prone.mha,4,217.29933166503906,98.84299215558936,117026,1.0,105.25699615478516,0.3434598743915558,0.1791013777256012,0.9718693494796753
colon_0211-prone.mha,5,197.77294921875,96.82346645911369,82228,1.0,96.50318908691406,0.3434598743915558,0.12668679654598236,0.9718693494796753
colon_0238-prone.mha,1,106.67452239990234,99.68343937628819,892720,1.0,16.068845748901367,0.4004538953304291,0.7765946388244629,0.9731493592262268
colon_0238-prone.mha,2,123.04248809814453,99.60527595621616,442081,1.0,47.917144775390625,0.4004538953304291,0.4783281683921814,0.9731493592262268
colon_0570-prone.mha,1,1.0,97.22033356845306,2829764,1.0,0.4695359766483307,0.4695359766483307,0.9838716983795166,0.9838716983795166
colon_0088-supine.mha,1,1.0,97.51628485846669,2119607,1.0,0.3056575357913971,0.3056575357913971,0.9845243096351624,0.9845243096351624
colon_0488-supine.mha,1,1.0,97.810778643138,2706259,1.0,0.3060437738895416,0.3486253619194031,0.9863754510879517,0.9861781001091003
colon_0488-supine.mha,2,262.9439697265625,0.0,1074,1.0,156.5040283203125,0.3486253619194031,0.0,0.9861781001091003
colon_0138-prone.mha,1,1.0,99.73655316136207,2000024,1.0,0.3863163888454437,0.3863163888454437,0.9769188761711121,0.9769188761711121
colon_0093-prone.mha,1,132.416015625,99.17420079182178,812304,1.0,23.74114418029785,0.5625280141830444,0.747609555721283,0.9601008296012878
colon_0093-prone.mha,2,147.3431396484375,99.97117691247995,440619,1.0,52.850032806396484,0.5625280141830444,0.49398016929626465,0.9601008296012878
colon_0153-supine.mha,1,123.10564422607422,99.29052893697407,279504,1.0,44.264060974121094,0.43780389428138733,0.3252604603767395,0.9727833867073059
colon_0153-supine.mha,2,88.1476058959961,98.5369809913198,1107231,1.0,9.841681480407715,0.43780389428138733,0.861052930355072,0.9727833867073059
colon_0024-supine.mha,1,1.0,94.17307849642192,1356737,1.0,0.4711107611656189,0.4711107611656189,0.9674685001373291,0.9674685001373291
colon_0326-prone.mha,1,1.0,97.21625423066784,2598585,1.0,0.3267344534397125,0.3267344534397125,0.9823662042617798,0.9823662042617798
colon_0245-supine.mha,1,1.0,98.29930163811687,1936675,1.0,0.27305206656455994,0.27305206656455994,0.9872418642044067,0.9872418642044067
colon_0255-supine.mha,1,1.0,99.4692780871319,2044762,1.0,0.3709607720375061,0.3709607720375061,0.9775260090827942,0.9775260090827942
colon_0477-prone.mha,1,4.123105525970459,91.03104417464127,1322116,4.123105525970459,0.864875853061676,0.864875853061676,0.9516307711601257,0.9516307711601257
colon_0747-supine.mha,1,2.2360680103302,98.18150389949784,3071934,2.2360680103302,0.5133610367774963,0.5133610367774963,0.9722314476966858,0.9722314476966858
colon_0258-supine.mha,1,1.0,99.3286854797682,1055541,1.0,0.3392948508262634,0.526827871799469,0.9727944731712341,0.9721716046333313
colon_0258-supine.mha,2,318.4546813964844,0.0,1381,1.0,182.79592895507812,0.526827871799469,0.0,0.9721716046333313
colon_0149-prone.mha,1,215.87265014648438,95.59506051870677,457214,1.0,84.95916748046875,0.6025053858757019,0.32897037267684937,0.9821193814277649
colon_0149-prone.mha,2,118.15667724609375,97.82720141457979,1784841,1.0,13.84593391418457,0.6025053858757019,0.8763489723205566,0.9821193814277649
colon_0149-prone.mha,3,246.6759033203125,0.0,3696,1.0,158.21829223632812,0.6025053858757019,0.0,0.9821193814277649
colon_0233-supine.mha,1,137.89126586914062,97.1751429886876,647254,1.0,37.775970458984375,0.4140048325061798,0.6046369671821594,0.9689292311668396
colon_0233-supine.mha,2,173.42852783203125,97.39886969158728,774125,1.0,37.203392028808594,0.4140048325061798,0.683159351348877,0.9689292311668396
colon_0265-supine.mha,1,231.75384521484375,100.0,338913,1.0,96.63664245605469,0.5129432678222656,0.35014134645462036,0.9628877639770508
colon_0265-supine.mha,2,60.74536895751953,99.32122409167647,1150306,1.0,5.7097392082214355,0.5129432678222656,0.8317372798919678,0.9628877639770508
colon_0265-supine.mha,3,268.96282958984375,100.0,2304,1.0,155.2452392578125,0.5129432678222656,0.002881341613829136,0.9628877639770508
colon_0265-supine.mha,4,247.6570281982422,100.0,6194,1.0,141.6396942138672,0.5129432678222656,0.0077273109927773476,0.9628877639770508
colon_0564-supine.mha,1,2.4494898319244385,96.92231683571158,2477448,2.4494898319244385,0.49312278628349304,0.49312278628349304,0.9808352589607239,0.9808352589607239
colon_0151-prone.mha,1,301.73333740234375,99.33154944194044,196574,1.0,154.96359252929688,0.3179178237915039,0.27196747064590454,0.9741092920303345
colon_0151-prone.mha,2,237.6741485595703,98.83821781089097,236361,1.0,80.85549926757812,0.3179178237915039,0.31661713123321533,0.9741092920303345
colon_0151-prone.mha,3,174.04022216796875,97.40462078770213,308086,1.0,59.30005645751953,0.3179178237915039,0.3878587484359741,0.9741092920303345
colon_0151-prone.mha,4,221.3978271484375,97.35156032000172,369123,1.0,87.86566162109375,0.3179178237915039,0.44682228565216064,0.9741092920303345
colon_0151-prone.mha,5,261.9637451171875,93.0018680844949,62631,1.0,106.64385223388672,0.3179178237915039,0.08947712928056717,0.9741092920303345
colon_0151-prone.mha,6,320.7413330078125,89.35510204081632,6125,1.0,183.10816955566406,0.3179178237915039,0.008788734674453735,0.9741092920303345
colon_0151-prone.mha,7,334.2151184082031,88.86810102899906,4276,1.0,193.646240234375,0.3179178237915039,0.0061112456023693085,0.9741092920303345
colon_0151-prone.mha,8,331.192138671875,95.24485047948703,35246,1.0,190.0387725830078,0.3179178237915039,0.05267621576786041,0.9741092920303345
colon_0151-prone.mha,9,338.33416748046875,86.08549874266555,2386,1.0,198.10968017578125,0.3179178237915039,0.0033083169255405664,0.9741092920303345
colon_0151-prone.mha,10,361.1779479980469,94.51516694551539,13747,1.0,215.67562866210938,0.3179178237915039,0.020737702026963234,0.9741092920303345
colon_0151-prone.mha,11,381.6038513183594,88.72758326216909,1171,1.0,233.67474365234375,0.3179178237915039,0.0016751255607232451,0.9741092920303345
colon_0257-prone.mha,1,1.4142135381698608,96.90551666380132,1989282,1.4142135381698608,0.41732263565063477,0.41732263565063477,0.9805719256401062,0.9805719256401062
colon_0051-prone.mha,1,7.0,93.06802343918244,1899213,7.0,1.0073962211608887,1.0073962211608887,0.9625856876373291,0.9625856876373291
colon_0167-supine.mha,1,1.0,99.0102236881832,1583186,1.0,0.3370026648044586,0.3370026648044586,0.9770737290382385,0.9770737290382385
colon_0248-supine.mha,1,274.3388366699219,98.93660371059518,203687,1.0,118.85298156738281,0.37678369879722595,0.23167860507965088,0.9714732766151428
colon_0248-supine.mha,2,71.30918884277344,99.10557511755523,1273444,1.0,4.981133937835693,0.37678369879722595,0.8984454870223999,0.9714732766151428
colon_0279-prone.mha,1,166.46170043945312,99.5430358821267,785182,1.0,29.90378189086914,0.4742518961429596,0.7618718147277832,0.9708037376403809
colon_0279-prone.mha,2,166.97604370117188,100.0,416520,1.0,69.15677642822266,0.4742518961429596,0.4949406087398529,0.9708037376403809
colon_0693-supine.mha,1,1.7320507764816284,93.94234939501692,1381113,1.7320507764816284,0.5653634071350098,0.5653634071350098,0.9668155312538147,0.9668155312538147
colon_0168-supine.mha,1,1.0,98.64184465622662,1419278,1.0,0.31017494201660156,0.31017494201660156,0.9764127135276794,0.9764127135276794
colon_0547-prone.mha,1,1.7320507764816284,94.5252539164262,1539286,1.7320507764816284,0.5005133748054504,0.5005133748054504,0.9704512357711792,0.9704512357711792
colon_0775-prone.mha,1,3.0,96.528969302539,2467077,3.0,0.6069920659065247,0.6069920659065247,0.9746289849281311,0.9746289849281311
colon_0090-prone.mha,1,261.7206115722656,99.39232323232324,185625,1.0,133.81399536132812,0.36473536491394043,0.17304781079292297,0.9791440367698669
colon_0090-prone.mha,2,37.336307525634766,99.52027308075402,1699717,1.0,2.5730719566345215,0.36473536491394043,0.927794873714447,0.9791440367698669
colon_0202-supine.mha,1,1.0,95.50205563865917,1594395,1.0,0.42318615317344666,0.42318615317344666,0.9735167622566223,0.9735167622566223
colon_0225-supine.mha,1,262.5528564453125,99.06271738732471,54626,28.284271240234375,152.8636016845703,2.2246134281158447,0.12246782332658768,0.9071914553642273
colon_0225-supine.mha,2,230.7691650390625,0.0,62915,28.284271240234375,121.9007339477539,2.2246134281158447,0.0,0.9071914553642273
colon_0225-supine.mha,3,191.0866241455078,99.99380728263561,64592,28.284271240234375,88.61544036865234,2.2246134281158447,0.14454196393489838,0.9071914553642273
colon_0225-supine.mha,4,106.58846282958984,95.30492016736667,503804,28.284271240234375,19.65864372253418,2.2246134281158447,0.7204569578170776,0.9071914553642273
colon_0225-supine.mha,5,189.44656372070312,99.99258059330522,161738,28.284271240234375,82.88383483886719,2.2246134281158447,0.3264428675174713,0.9071914553642273
colon_0549-supine.mha,1,1.0,96.53723980798227,1835039,1.0,0.40920892357826233,0.40920892357826233,0.9804520606994629,0.9804520606994629
colon_0225-prone.mha,1,260.87738037109375,99.81687738310255,39864,20.049938201904297,143.04501342773438,2.2210991382598877,0.12127353996038437,0.9204210638999939
colon_0225-prone.mha,2,230.861083984375,100.0,61219,20.049938201904297,120.64104461669922,2.2210991382598877,0.18070055544376373,0.9204210638999939
colon_0225-prone.mha,3,251.1492462158203,100.0,5325,20.049938201904297,139.86192321777344,2.2210991382598877,0.017131000757217407,0.9204210638999939
colon_0225-prone.mha,4,218.011474609375,97.26543310954642,6107,20.049938201904297,120.68107604980469,2.2210991382598877,0.01908550225198269,0.9204210638999939
colon_0225-prone.mha,5,183.19918823242188,99.97622720453056,189292,20.049938201904297,72.38568878173828,2.2210991382598877,0.46980127692222595,0.9204210638999939
colon_0225-prone.mha,6,173.62315368652344,98.9673730238816,237840,20.049938201904297,70.31822967529297,2.2210991382598877,0.5511247515678406,0.9204210638999939
colon_0225-prone.mha,7,202.37835693359375,0.0,7016,20.049938201904297,131.52149963378906,2.2210991382598877,0.0,0.9204210638999939
colon_0225-prone.mha,8,212.51797485351562,0.0,3635,20.049938201904297,132.55816650390625,2.2210991382598877,0.0,0.9204210638999939
colon_0243-prone.mha,1,143.67132568359375,99.99784426584513,510267,1.0,28.907943725585938,0.5446776151657104,0.5906926989555359,0.9575835466384888
colon_0243-prone.mha,2,164.98455810546875,98.79007709001652,622519,1.0,23.629962921142578,0.5446776151657104,0.6684986352920532,0.9575835466384888
colon_0322-prone.mha,1,1.0,96.04647831545597,1780185,1.0,0.3472263216972351,0.3472263216972351,0.9775936603546143,0.9775936603546143
colon_0617-supine.mha,1,1.0,97.91193246451523,2988888,1.0,0.3446269631385803,0.3446269631385803,0.9835404753684998,0.9835404753684998
colon_0229-prone.mha,1,1.0,99.3205717424917,1079437,1.0,0.3446502387523651,0.3446502387523651,0.9717556238174438,0.9717556238174438
colon_0288-supine.mha,1,1.0,96.37469335766646,2067963,1.0,0.3793315887451172,0.3793315887451172,0.9793601632118225,0.9793601632118225
colon_0786-prone.mha,1,6.4031243324279785,92.36450726870771,1432992,6.4031243324279785,0.9999269843101501,0.9999269843101501,0.9579655528068542,0.9579655528068542
colon_0087-prone.mha,1,1.0,96.09995428432198,1625263,1.0,0.3601718246936798,0.3601718246936798,0.9768040776252747,0.9768040776252747
colon_0600-supine.mha,1,1.0,97.79265692745655,2325103,1.0,0.3038681745529175,0.3038681745529175,0.9854978322982788,0.9854978322982788
colon_0082-prone.mha,1,241.81398010253906,99.30650897361673,241820,1.0,89.04071044921875,0.3928191363811493,0.264682799577713,0.9778885841369629
colon_0082-prone.mha,2,127.00393676757812,99.78127601349416,593442,1.0,47.21471405029297,0.3928191363811493,0.5467137098312378,0.9778885841369629
colon_0082-prone.mha,3,128.70509338378906,99.76385578398553,678399,1.0,35.82865905761719,0.3928191363811493,0.6012897491455078,0.9778885841369629
colon_0264-prone.mha,1,1.0,97.2665890665906,3414086,1.0,0.3418097198009491,0.3418097198009491,0.9840312600135803,0.9840312600135803
colon_0070-supine.mha,1,214.3190155029297,99.61001202113484,429244,1.0,85.64720153808594,0.3951074481010437,0.379966139793396,0.9760286808013916
colon_0070-supine.mha,2,124.53915405273438,99.68615247360707,1318156,1.0,14.055679321289062,0.3951074481010437,0.8370931148529053,0.9760286808013916
colon_0422-prone.mha,1,1.0,99.70848395631533,1310391,1.0,0.3931625187397003,0.3931625187397003,0.9748812913894653,0.9748812913894653
colon_0147-prone.mha,1,1.0,94.07110019538251,2017069,1.0,0.5220806002616882,0.5220806002616882,0.9684669375419617,0.9684669375419617
colon_0732-supine.mha,1,1.4142135381698608,95.41417649829592,2163341,1.4142135381698608,0.48259639739990234,0.48259639739990234,0.9743480682373047,0.9743480682373047
colon_0048-prone.mha,1,1.0,97.91795893129756,1017271,1.0,0.36779534816741943,0.36779534816741943,0.9686190485954285,0.9686190485954285
colon_0539-supine.mha,1,1.0,96.90217053224934,1671848,1.0,0.30991581082344055,0.30991581082344055,0.9809347987174988,0.9809347987174988
colon_0632-prone.mha,1,1.0,96.76511750863042,1929220,1.0,0.442876935005188,0.442876935005188,0.9812794327735901,0.9812794327735901
colon_0104-prone.mha,1,234.795654296875,99.99613677739629,207081,1.0,107.47966766357422,0.48283758759498596,0.1794818788766861,0.9713016748428345
colon_0104-prone.mha,2,77.80745697021484,99.36098586873972,1768349,1.0,5.689759254455566,0.48283758759498596,0.9083358645439148,0.9713016748428345
colon_0104-prone.mha,3,220.43820190429688,100.0,21281,1.0,136.0251922607422,0.48283758759498596,0.020060773938894272,0.9713016748428345
colon_0104-prone.mha,4,209.21519470214844,100.0,8455,1.0,135.1918487548828,0.48283758759498596,0.008018676191568375,0.9713016748428345
colon_0512-prone.mha,1,1.0,96.3400597165718,2217140,1.0,0.37198907136917114,0.37198907136917114,0.9798049926757812,0.9798049926757812
colon_0239-prone.mha,1,1.4142135381698608,92.95421884929164,1342321,1.4142135381698608,0.5942516326904297,0.5942516326904297,0.9613645672798157,0.9613645672798157
colon_0019-supine.mha,1,1.0,99.8272430986714,1760277,1.0,0.37076905369758606,0.37076905369758606,0.9784597754478455,0.9784597754478455
colon_0466-prone.mha,1,1.4142135381698608,96.59425740875506,1713547,1.4142135381698608,0.5344588160514832,0.5344588160514832,0.9752457141876221,0.9752457141876221
colon_0101-prone.mha,1,1.0,96.70601369498698,1710845,1.0,0.3763023912906647,0.3763023912906647,0.9805001020431519,0.9805001020431519
colon_0188-supine.mha,1,144.5856170654297,98.02856030712633,131021,1.0,57.21607971191406,0.3369123339653015,0.3517085909843445,0.9753863215446472
colon_0188-supine.mha,2,147.5771026611328,98.2555568953736,99516,1.0,56.02862548828125,0.3369123339653015,0.2798267602920532,0.9753863215446472
colon_0188-supine.mha,3,170.42593383789062,98.23052792073887,171181,1.0,58.82599639892578,0.3369123339653015,0.4364602863788605,0.9753863215446472
colon_0188-supine.mha,4,157.48269653320312,97.82875960482986,136650,1.0,47.269264221191406,0.3369123339653015,0.36327147483825684,0.9753863215446472
colon_0188-supine.mha,5,184.6781005859375,97.43628872272242,52424,1.0,97.7378158569336,0.3369123339653015,0.1567426472902298,0.9753863215446472
colon_0188-supine.mha,6,178.51776123046875,95.88118811881188,5050,1.0,108.52972412109375,0.3369123339653015,0.016022633761167526,0.9753863215446472
colon_0188-supine.mha,7,197.82315063476562,0.0,2236,1.0,128.71124267578125,0.3369123339653015,0.0,0.9753863215446472
colon_0255-prone.mha,1,1.0,99.62794361783087,1868534,1.0,0.3952450156211853,0.3952450156211853,0.9747747778892517,0.9747747778892517
colon_0254-prone.mha,1,152.08221435546875,98.94455886888949,804024,1.0,28.768360137939453,0.6997057199478149,0.7353646159172058,0.9748526811599731
colon_0254-prone.mha,2,281.6326599121094,0.0,2827,1.0,173.81666564941406,0.6997057199478149,0.0,0.9748526811599731
colon_0254-prone.mha,3,161.25445556640625,99.31863151537982,514993,1.0,61.757450103759766,0.6997057199478149,0.5456920862197876,0.9748526811599731
colon_0111-prone.mha,1,2.0,96.08182177198863,1780113,2.0,0.5150050520896912,0.5330150723457336,0.9685330986976624,0.9679534435272217
colon_0111-prone.mha,2,247.1037139892578,0.09438414346389806,2119,2.0,135.8937530517578,0.5330150723457336,2.280666876686155e-06,0.9679534435272217
colon_0418-prone.mha,1,1.0,99.66893743276493,1559826,1.0,0.40200528502464294,0.40200528502464294,0.9732513427734375,0.9732513427734375
colon_0250-prone.mha,1,2.4494898319244385,96.78213290814381,2452867,2.4494898319244385,0.5966202616691589,0.5966202616691589,0.9810721278190613,0.9810721278190613
colon_0290-supine.mha,1,1.0,98.50730864652763,1995992,1.0,0.29498475790023804,0.29498475790023804,0.9878550171852112,0.9878550171852112
colon_0706-prone.mha,1,1.0,96.57898027280876,2447282,1.0,0.4099409878253937,0.4099409878253937,0.9780643582344055,0.9780643582344055
colon_0674-supine.mha,1,1.0,95.78453307492015,1964812,1.0,0.4561181366443634,0.4561181366443634,0.9766079187393188,0.9766079187393188
colon_0128-prone.mha,1,1.0,96.514827047643,1925299,1.0,0.3816440999507904,0.3816440999507904,0.9802416563034058,0.9802416563034058
colon_0288-prone.mha,1,225.76536560058594,99.25434668439253,394151,1.0,89.54366302490234,0.37342575192451477,0.33756905794143677,0.9781484603881836
colon_0288-prone.mha,2,118.98319244384766,99.1955909578327,1476239,1.0,10.102324485778809,0.37342575192451477,0.8614141345024109,0.9781484603881836
colon_0340-supine.mha,1,1.0,97.72213112822106,2248593,1.0,0.2925756871700287,0.2925756871700287,0.9853200316429138,0.9853200316429138
colon_0098-prone.mha,1,3.7416574954986572,95.69413315909159,1707972,3.7416574954986572,0.6111063361167908,0.6111063361167908,0.975695788860321,0.975695788860321
colon_0088-prone.mha,1,1.0,97.85281819308801,2210246,1.0,0.2601487934589386,0.2601487934589386,0.9859161376953125,0.9859161376953125
colon_0788-supine.mha,1,1.0,94.13694216257375,1292312,1.0,0.454854279756546,0.454854279756546,0.9683573842048645,0.9683573842048645
colon_0403-supine.mha,1,1.0,98.48529625531741,1664814,1.0,0.3326128125190735,0.3326128125190735,0.9735304117202759,0.9735304117202759
colon_0016-prone.mha,1,136.73765563964844,92.4966755082739,703115,2.4494898319244385,32.77521514892578,0.647911787033081,0.6158214807510376,0.9629011750221252
colon_0016-prone.mha,2,151.34397888183594,93.71421112174745,804370,2.4494898319244385,28.85541343688965,0.647911787033081,0.6811263561248779,0.9629011750221252
colon_0577-supine.mha,1,1.0,95.48584072134022,1521723,1.0,0.4539174437522888,0.4539174437522888,0.9752671122550964,0.9752671122550964
colon_0119-supine.mha,1,279.3760986328125,94.74956063268893,36416,1.0,195.76596069335938,0.304464191198349,0.060651496052742004,0.9764019846916199
colon_0119-supine.mha,2,1.0,98.47395835815419,1049185,1.0,2.4012703895568848,0.304464191198349,0.9608471989631653,0.9764019846916199
colon_0059-prone.mha,1,1.0,97.23705600779594,1329922,1.0,0.34791097044944763,0.34791097044944763,0.9760047197341919,0.9760047197341919
colon_0385-prone.mha,1,1.0,98.59488178011793,1680428,1.0,0.23343901336193085,0.23343901336193085,0.9883331656455994,0.9883331656455994
colon_0253-prone.mha,1,305.3817138671875,100.0,216591,1.0,123.25137329101562,0.5797029733657837,0.34793177247047424,0.9602969884872437
colon_0253-prone.mha,2,315.8069152832031,100.0,23740,1.0,164.19691467285156,0.5797029733657837,0.04512583091855049,0.9602969884872437
colon_0253-prone.mha,3,214.52783203125,98.67696208366948,520620,1.0,46.11336898803711,0.5797029733657837,0.6632869839668274,0.9602969884872437
colon_0253-prone.mha,4,215.28817749023438,100.0,202183,1.0,115.6351089477539,0.5797029733657837,0.3285893499851227,0.9602969884872437
colon_0157-prone.mha,1,1.0,99.67534810960979,1357762,1.0,0.3721271753311157,0.3721271753311157,0.9781898260116577,0.9781898260116577
colon_0095-supine.mha,1,1.0,96.42585997156634,2388015,1.0,0.43750354647636414,0.43750354647636414,0.9777539968490601,0.9777539968490601
colon_0067-supine.mha,1,287.5830383300781,98.31452303795582,53694,1.4142135381698608,188.22288513183594,0.5575403571128845,0.14395180344581604,0.9532654285430908
colon_0067-supine.mha,2,211.8891143798828,93.2981420274043,62326,1.4142135381698608,109.7551498413086,0.5575403571128845,0.15672360360622406,0.9532654285430908
colon_0067-supine.mha,3,262.470947265625,0.0,4871,1.4142135381698608,181.15676879882812,0.5575403571128845,0.0,0.9532654285430908
colon_0067-supine.mha,4,123.9233627319336,95.99132028314882,500938,1.4142135381698608,14.772747993469238,0.5575403571128845,0.8145493865013123,0.9532654285430908
colon_0067-supine.mha,5,250.5893096923828,95.41265433922136,33854,1.4142135381698608,152.5174102783203,0.5575403571128845,0.09053148329257965,0.9532654285430908
colon_0067-supine.mha,6,291.5287170410156,96.27918911983578,19485,1.4142135381698608,158.5539093017578,0.5575403571128845,0.05366002395749092,0.9532654285430908
colon_0067-supine.mha,7,302.18206787109375,93.77554228230116,6362,1.4142135381698608,184.60305786132812,0.5575403571128845,0.017391202971339226,0.9532654285430908
colon_0154-supine.mha,1,1.0,99.495056346439,2131723,1.0,0.3690336346626282,0.3690336346626282,0.9789907336235046,0.9789907336235046
colon_0512-supine.mha,1,1.0,97.18838128608594,2224377,1.0,0.30779093503952026,0.30779093503952026,0.9835197925567627,0.9835197925567627
colon_0643-supine.mha,1,1.0,98.03251788837046,2095216,1.0,0.2732720673084259,0.2732720673084259,0.986930787563324,0.986930787563324
colon_0526-prone.mha,1,2.2360680103302,94.90193523902312,1765415,2.2360680103302,0.5555066466331482,0.5555066466331482,0.9721911549568176,0.9721911549568176
colon_0227-prone.mha,1,161.23585510253906,98.66351309986736,705656,1.0,30.455970764160156,0.3512892723083496,0.7295726537704468,0.9747490286827087
colon_0227-prone.mha,2,171.40887451171875,98.49810502594919,468608,1.0,61.48513412475586,0.3512892723083496,0.5522708296775818,0.9747490286827087
colon_0227-prone.mha,3,230.1951904296875,92.3076923076923,1807,1.0,141.5226287841797,0.3512892723083496,0.002769076032564044,0.9747490286827087
colon_0061-supine.mha,1,1.0,99.53996681878553,1523151,1.0,0.356563538312912,0.356563538312912,0.977745532989502,0.977745532989502
colon_0428-prone.mha,1,225.89544677734375,99.81111087144754,324529,1.0,105.05517578125,0.37884509563446045,0.2922723889350891,0.9755383729934692
colon_0428-prone.mha,2,50.801082611083984,99.43438270783174,1494827,1.0,3.621645927429199,0.37884509563446045,0.8777356147766113,0.9755383729934692
colon_0659-supine.mha,1,1.4142135381698608,96.46159418121483,1938274,1.4142135381698608,0.43564677238464355,0.43564677238464355,0.971017062664032,0.971017062664032
colon_0235-supine.mha,1,1.0,97.28524672318176,1803884,1.0,0.3445357084274292,0.3445357084274292,0.9815542697906494,0.9815542697906494
colon_0701-prone.mha,1,1.0,95.74208879709126,1695033,1.0,0.406568318605423,0.406568318605423,0.9762009978294373,0.9762009978294373
colon_0270-supine.mha,1,1.0,99.63008129646066,1867978,1.0,0.3937912881374359,0.3937912881374359,0.9776729941368103,0.9776729941368103
colon_0076-prone.mha,1,1.4142135381698608,96.67213967798486,1979410,1.4142135381698608,0.5114744901657104,0.5114744901657104,0.9807766675949097,0.9807766675949097
colon_0676-supine.mha,1,1.0,97.63664904651262,3051430,1.0,0.38651612401008606,0.38651612401008606,0.9849956631660461,0.9849956631660461
colon_0777-prone.mha,1,1.4142135381698608,95.1901363501538,1176603,1.4142135381698608,0.47871676087379456,0.47871676087379456,0.973024845123291,0.973024845123291
colon_0034-prone.mha,1,1.4142135381698608,96.91302634293213,4280503,1.4142135381698608,0.4715830683708191,0.4715830683708191,0.9823894500732422,0.9823894500732422
colon_0233-prone.mha,1,1.0,98.85850774436588,2712940,1.0,0.44640621542930603,0.44640621542930603,0.9764673113822937,0.9764673113822937
colon_0513-supine.mha,1,1.0,97.49560030746171,2080259,1.0,0.2943726181983948,0.2943726181983948,0.9837518930435181,0.9837518930435181
colon_0434-supine.mha,1,1.0,99.50994022726775,1826920,1.0,0.3523639142513275,0.3523639142513275,0.9765636324882507,0.9765636324882507
colon_0388-prone.mha,1,1.0,95.92988249638562,1991343,1.0,0.5491801500320435,0.38215574622154236,0.9723072648048401,0.9770303964614868
colon_0388-prone.mha,2,270.6252136230469,93.2325792720838,20909,1.0,141.7519989013672,0.38215574622154236,0.019902314990758896,0.9770303964614868
colon_0139-supine.mha,1,4.0,96.75426890952296,2478209,4.0,0.5986891388893127,0.5986891388893127,0.9809297919273376,0.9809297919273376
colon_0014-supine.mha,1,1.0,96.2859522588381,1431134,1.0,0.37141183018684387,0.37141183018684387,0.9778088331222534,0.9778088331222534
colon_0426-supine.mha,1,1.0,97.08724564535909,2146216,1.0,0.3197360038757324,0.3197360038757324,0.982434093952179,0.982434093952179
colon_0118-prone.mha,1,1.0,99.1046040649154,2207180,1.0,0.4422951340675354,0.4422951340675354,0.9749240279197693,0.9749240279197693
colon_0022-prone.mha,1,1.0,99.33718203433999,2936402,1.0,0.3721187710762024,0.3721187710762024,0.9796662330627441,0.9796662330627441
colon_0706-supine.mha,1,1.0,96.33465088847986,2299208,1.0,0.37690678238868713,0.37690678238868713,0.9794378280639648,0.9794378280639648
colon_0039-prone.mha,1,223.72750854492188,99.46114838907954,195230,1.0,106.47405242919922,0.4740901589393616,0.28148818016052246,0.9727090001106262
colon_0039-prone.mha,2,233.30023193359375,96.76831289360291,6034,1.0,150.82937622070312,0.4740901589393616,0.009809678420424461,0.9727090001106262
colon_0039-prone.mha,3,102.53779602050781,99.56711352415589,930498,1.0,9.666016578674316,0.4740901589393616,0.876127302646637,0.9727090001106262
colon_0319-supine.mha,1,1.0,99.42700176110122,1600703,1.0,0.5024397969245911,0.5024397969245911,0.9702360033988953,0.9702360033988953
colon_0272-prone.mha,1,78.74642944335938,98.5353926983273,884674,1.0,8.876047134399414,0.30612608790397644,0.8629280924797058,0.972409188747406
colon_0272-prone.mha,2,246.54434204101562,97.01420271142672,123920,1.0,118.6069564819336,0.30612608790397644,0.1908835768699646,0.972409188747406
colon_0272-prone.mha,3,208.3679962158203,94.83836806981988,109539,1.0,101.64722442626953,0.30612608790397644,0.16685204207897186,0.972409188747406
colon_0433-prone.mha,1,1.0,95.61047365878868,1776342,1.0,0.40640419721603394,0.40640419721603394,0.9746737480163574,0.9746737480163574
colon_0248-prone.mha,1,1.0,99.46271541504349,1665970,1.0,0.3755437433719635,0.3755437433719635,0.9726036190986633,0.9726036190986633
colon_0487-supine.mha,1,1.0,97.32821334705702,1616671,1.0,0.31121546030044556,0.31121546030044556,0.9825719594955444,0.9825719594955444
colon_0353-prone.mha,1,1.0,97.54756385851775,2780052,1.0,0.3237970173358917,0.3237970173358917,0.984108030796051,0.984108030796051
colon_0200-prone.mha,1,1.0,99.39837926134196,1506597,1.0,0.36055487394332886,0.36055487394332886,0.9744168519973755,0.9744168519973755
colon_0457-prone.mha,1,1.0,96.43532817995285,1975273,1.0,0.37753918766975403,0.37753918766975403,0.9789978265762329,0.9789978265762329
colon_0142-prone.mha,1,1.0,96.02698275513603,2078068,1.0,0.3829500377178192,0.3829500377178192,0.9771612882614136,0.9771612882614136
colon_0295-supine.mha,1,304.0164489746094,0.0,31153,1.4142135381698608,220.2531280517578,1.0413134098052979,0.0,0.9636279940605164
colon_0295-supine.mha,2,1.4142135381698608,94.93919749523788,1879939,1.4142135381698608,0.47230520844459534,1.0413134098052979,0.9718007445335388,0.9636279940605164
colon_0430-supine.mha,1,1.0,95.88442458172472,1988762,1.0,0.40389716625213623,0.40389716625213623,0.9764012098312378,0.9764012098312378
colon_0179-supine.mha,1,1.0,99.12385213968271,1772646,1.0,0.3134099245071411,0.3134099245071411,0.9812601208686829,0.9812601208686829
colon_0669-supine.mha,1,1.0,96.76110226254502,2066876,1.0,0.46248891949653625,0.46248891949653625,0.9810085296630859,0.9810085296630859
colon_0038-supine.mha,1,1.4142135381698608,94.34093719255667,1567362,1.4142135381698608,0.5302926301956177,0.5302926301956177,0.9690032005310059,0.9690032005310059
colon_0418-supine.mha,1,1.0,99.52192617081049,1902635,1.0,0.44949910044670105,0.44949910044670105,0.9722936749458313,0.9722936749458313
colon_0118-supine.mha,1,1.0,99.17153060396835,2182217,1.0,0.40224021673202515,0.40224021673202515,0.9771111607551575,0.9771111607551575
colon_0070-prone.mha,1,238.4722137451172,100.0,512531,1.4142135381698608,91.7066650390625,0.6433694362640381,0.48584452271461487,0.9621627926826477
colon_0070-prone.mha,2,261.62506103515625,96.55932951036613,4534,1.4142135381698608,161.9129638671875,0.6433694362640381,0.005466149188578129,0.9621627926826477
colon_0070-prone.mha,3,251.8946075439453,99.90963855421687,3320,1.4142135381698608,165.0338592529297,0.6433694362640381,0.004144579172134399,0.9621627926826477
colon_0070-prone.mha,4,144.15615844726562,99.30622019396259,973796,1.4142135381698608,19.997852325439453,0.6433694362640381,0.7522321939468384,0.9621627926826477
colon_0179-prone.mha,1,1.0,99.09484081919767,1677495,1.0,0.3307562470436096,0.3307562470436096,0.9787436723709106,0.9787436723709106
colon_0166-prone.mha,1,114.09548950195312,99.57672406480617,707340,1.0,19.923511505126953,0.6191808581352234,0.6885008215904236,0.9710392951965332
colon_0166-prone.mha,2,176.02810668945312,99.88296761452835,563092,1.0,60.55405807495117,0.6191808581352234,0.5914806127548218,0.9710392951965332
colon_0371-prone.mha,1,1.0,97.03586300747001,1236009,1.0,0.27601081132888794,0.27601081132888794,0.9803292155265808,0.9803292155265808
colon_0081-supine.mha,1,297.3802795410156,98.62554300608167,115100,1.0,173.6387481689453,0.46248582005500793,0.17053118348121643,0.9695136547088623
colon_0081-supine.mha,2,42.72002029418945,98.1097722581199,1071564,1.0,2.704403877258301,0.46248582005500793,0.9190527200698853,0.9695136547088623
colon_0137-prone.mha,1,1.0,98.39977773003764,1317317,1.0,0.32820796966552734,0.578802764415741,0.9772698283195496,0.9746425151824951
colon_0137-prone.mha,2,251.4908447265625,0.0,4952,1.0,156.64395141601562,0.578802764415741,0.0,0.9746425151824951
colon_0137-prone.mha,3,254.914794921875,0.0,2199,1.0,150.2067108154297,0.578802764415741,0.0,0.9746425151824951
colon_0057-prone.mha,1,1.0,96.69544697065294,1537394,1.0,0.37275582551956177,0.37275582551956177,0.9783106446266174,0.9783106446266174
colon_0210-supine.mha,1,250.3397674560547,99.38983732039934,109479,1.4142135381698608,129.85296630859375,0.5019993782043457,0.09936324506998062,0.970490574836731
colon_0210-supine.mha,2,11.180339813232422,99.34695016992188,1877039,1.4142135381698608,1.5679453611373901,0.5019993782043457,0.9423497319221497,0.970490574836731
colon_0688-prone.mha,1,1.0,96.20631259048561,2034854,1.0,0.4299324154853821,0.4299324154853821,0.9787514209747314,0.9787514209747314
colon_0076-supine.mha,1,1.4142135381698608,96.80589919887058,2361541,1.4142135381698608,0.4814838171005249,0.4814838171005249,0.981187105178833,0.981187105178833
colon_0384-prone.mha,1,1.0,96.9942750651455,2236532,1.0,0.41740021109580994,0.41740021109580994,0.9807088971138,0.9807088971138
colon_0214-prone.mha,1,1.7320507764816284,98.5347009213698,2728112,1.7320507764816284,0.5082698464393616,0.5082698464393616,0.9710081219673157,0.9710081219673157
colon_0048-supine.mha,1,1.0,94.59282260231667,1421518,1.0,0.4893813133239746,0.4893813133239746,0.9661598801612854,0.9661598801612854
colon_0266-supine.mha,1,1.0,96.78234447577402,2851051,1.0,0.40543240308761597,0.40543240308761597,0.9808458089828491,0.9808458089828491
colon_0104-supine.mha,1,1.0,99.35257832722752,2214013,1.0,0.3370124101638794,0.3370124101638794,0.98094242811203,0.98094242811203
colon_0165-prone.mha,1,1.0,96.58921048306051,1812982,1.0,0.38737186789512634,0.38737186789512634,0.9788639545440674,0.9788639545440674
colon_0053-prone.mha,1,1.0,96.10101296660295,1776564,1.0,0.4274722933769226,0.4274722933769226,0.978106677532196,0.978106677532196
colon_0216-supine.mha,1,190.14205932617188,97.64201112645841,497373,1.0,57.33596420288086,0.4225613474845886,0.4347364902496338,0.9757130146026611
colon_0216-supine.mha,2,136.31214904785156,97.86692829227566,1231276,1.0,21.69583511352539,0.4225613474845886,0.8119734525680542,0.9757130146026611
colon_0007-supine.mha,1,1.0,95.88404306350235,1819917,1.0,0.38353458046913147,0.38353458046913147,0.9770851135253906,0.9770851135253906
colon_0539-prone.mha,1,1.0,96.3655736260786,1668709,1.0,0.3796738386154175,0.3796738386154175,0.9786616563796997,0.9786616563796997
colon_0117-prone.mha,1,167.4066925048828,98.313489161279,136732,1.0,79.27171325683594,0.44651979207992554,0.13674986362457275,0.9705960750579834
colon_0117-prone.mha,2,20.46949005126953,99.39508459693509,1611465,1.0,1.6716934442520142,0.44651979207992554,0.9310289025306702,0.9705960750579834
colon_0249-prone.mha,1,1.0,99.3932164713204,2333122,1.0,0.4112164378166199,0.4112164378166199,0.9765493869781494,0.9765493869781494
colon_0407-supine.mha,1,1.0,99.6390518536532,2171226,1.0,0.39039739966392517,0.39039739966392517,0.9761999845504761,0.9761999845504761
colon_0182-supine.mha,1,1.0,99.57317751482755,1707970,1.0,0.4407708942890167,0.4407708942890167,0.9763188362121582,0.9763188362121582
colon_0126-prone.mha,1,1.0,92.3719146215861,703925,1.0,0.49664729833602905,0.49664729833602905,0.9599530696868896,0.9599530696868896
colon_0292-prone.mha,1,1.0,99.45263312309291,1608793,1.0,0.39004015922546387,0.39004015922546387,0.9778156280517578,0.9778156280517578
colon_0266-prone.mha,1,136.09555053710938,99.45386436666249,1329157,1.0,23.719379425048828,0.3822167217731476,0.7035977244377136,0.979817807674408
colon_0266-prone.mha,2,150.40611267089844,98.87336317576822,1040353,1.0,38.71921157836914,0.3822167217731476,0.5930876731872559,0.979817807674408
colon_0409-prone.mha,1,1.0,98.60903491987563,1471712,1.0,0.402437299489975,0.402437299489975,0.9722163677215576,0.9722163677215576
colon_0550-supine.mha,1,1.4142135381698608,95.71931370233791,2201960,1.4142135381698608,0.5007990598678589,0.5007990598678589,0.9763165712356567,0.9763165712356567
colon_0101-supine.mha,1,1.0,98.37237935269562,1971221,1.0,0.4996947646141052,0.4996947646141052,0.9727747440338135,0.9727747440338135
colon_0260-prone.mha,1,1.0,99.6049582314874,1355806,1.0,0.33050277829170227,0.33050277829170227,0.9760675430297852,0.9760675430297852
colon_0242-supine.mha,1,222.6244354248047,99.99332198070053,209643,1.0,103.94834899902344,0.4503946304321289,0.26263028383255005,0.9715356230735779
colon_0242-supine.mha,2,247.58563232421875,100.0,1240,1.0,150.3849334716797,0.4503946304321289,0.0017867718124762177,0.9715356230735779
colon_0242-supine.mha,3,113.32695770263672,99.61020914351654,1107517,1.0,10.515883445739746,0.4503946304321289,0.8845927715301514,0.9715356230735779
colon_0115-prone.mha,1,111.04862213134766,99.26815080960446,505432,1.0,20.18296241760254,0.33006182312965393,0.6911132335662842,0.9739454388618469
colon_0115-prone.mha,2,237.47421264648438,97.91059548028812,36374,1.0,111.94403839111328,0.33006182312965393,0.07246733456850052,0.9739454388618469
colon_0115-prone.mha,3,163.6734619140625,96.60627640536502,216812,1.0,61.83474349975586,0.33006182312965393,0.36009201407432556,0.9739454388618469
colon_0115-prone.mha,4,197.82919311523438,98.98352210493374,166162,1.0,87.01055145263672,0.33006182312965393,0.29563236236572266,0.9739454388618469
colon_0553-prone.mha,1,1.0,95.426670835743,1806955,1.0,0.44347837567329407,0.44347837567329407,0.9734386205673218,0.9734386205673218
colon_0612-supine.mha,1,2.8284270763397217,97.29406830635772,1449704,2.8284270763397217,0.5192394852638245,0.5192394852638245,0.9656848907470703,0.9656848907470703
colon_0202-prone.mha,1,1.0,95.75768360084574,1860163,1.0,0.3981455862522125,0.3981455862522125,0.9761931896209717,0.9761931896209717
colon_0700-supine.mha,1,1.0,96.84028735247038,1820482,1.0,0.45596393942832947,0.45596393942832947,0.9810038208961487,0.9810038208961487
colon_0209-prone.mha,1,1.0,99.53471784220034,1816962,1.0,0.3767576217651367,0.3767576217651367,0.9748218655586243,0.9748218655586243
colon_0131-prone.mha,1,1.0,99.35602267635542,1283275,1.0,0.33822205662727356,0.33822205662727356,0.9770479798316956,0.9770479798316956
colon_0749-supine.mha,1,1.0,95.66021113225179,1755961,1.0,0.4168109595775604,0.4168109595775604,0.9762963652610779,0.9762963652610779
colon_0105-supine.mha,1,1.0,99.58306452035897,1906530,1.0,0.43164899945259094,0.43164899945259094,0.9750245809555054,0.9750245809555054
colon_0494-supine.mha,1,1.0,96.98217842343236,2118780,1.0,0.4210176169872284,0.4210176169872284,0.9820988178253174,0.9820988178253174
colon_0380-prone.mha,1,8.0,94.58388683609897,2398362,8.0,0.8949021100997925,0.8949021100997925,0.9704282879829407,0.9704282879829407
colon_0183-supine.mha,1,1.0,96.11084322904863,1901749,1.0,0.41995975375175476,0.41995975375175476,0.9783451557159424,0.9783451557159424
colon_0789-prone.mha,1,1.0,96.11614766851369,1685234,1.0,0.35136646032333374,0.35136646032333374,0.9775539636611938,0.9775539636611938
colon_0292-supine.mha,1,1.0,99.52660862021172,1724366,1.0,0.3900080919265747,0.3900080919265747,0.9785664677619934,0.9785664677619934
colon_0151-supine.mha,1,132.6423797607422,96.61076722656038,518908,1.0,35.441856384277344,0.31852689385414124,0.5100829601287842,0.974600613117218
colon_0151-supine.mha,2,173.91175842285156,98.39117944277592,919307,1.0,25.775978088378906,0.31852689385414124,0.7645817399024963,0.974600613117218
colon_0274-supine.mha,1,1.0,97.05092449922958,1298000,1.0,0.3067619800567627,0.3067619800567627,0.9795500636100769,0.9795500636100769
colon_0093-supine.mha,1,1.0,99.38738291318755,1345049,1.0,0.34211021661758423,0.48338645696640015,0.9779229760169983,0.9755223393440247
colon_0093-supine.mha,2,234.1153564453125,0.0,6728,1.0,123.59732818603516,0.48338645696640015,0.0,0.9755223393440247
colon_0103-prone.mha,1,8.062257766723633,94.25288889041832,2324768,8.062257766723633,1.0698014497756958,1.0698014497756958,0.9680759310722351,0.9680759310722351
colon_0173-prone.mha,1,137.9021453857422,99.96374143531584,802569,1.4142135381698608,31.82670783996582,0.7051435112953186,0.6189141869544983,0.9571093320846558
colon_0173-prone.mha,2,144.5890655517578,99.40756245700477,850385,1.4142135381698608,39.71342849731445,0.7051435112953186,0.6403294801712036,0.9571093320846558
colon_0129-prone.mha,1,191.4836883544922,99.91511871496525,294529,1.0,75.79570007324219,0.41994091868400574,0.30564945936203003,0.9728081822395325
colon_0129-prone.mha,2,45.844844818115234,99.55328162835029,1261645,1.0,3.689396858215332,0.41994091868400574,0.8683948516845703,0.9728081822395325
colon_0422-supine.mha,1,1.0,99.59517227429033,1483100,1.0,0.3546878397464752,0.3546878397464752,0.9775039553642273,0.9775039553642273
colon_0701-supine.mha,1,1.0,95.99435346487255,1750454,1.0,0.44115787744522095,0.4032006859779358,0.9768393039703369,0.9771894812583923
colon_0701-supine.mha,2,282.7481994628906,75.94424460431655,2224,1.0,163.5043487548828,0.4032006859779358,0.0019963064696639776,0.9771894812583923
colon_0005-supine.mha,1,1.4142135381698608,94.60452816102229,1269787,1.4142135381698608,0.4211038053035736,0.4211038053035736,0.9676188230514526,0.9676188230514526
colon_0298-prone.mha,1,1.4142135381698608,95.31850756699102,1634137,1.4142135381698608,0.4921800196170807,0.4921800196170807,0.9736752510070801,0.9736752510070801
colon_0799-supine.mha,1,1.4142135381698608,97.01637316493603,1382445,1.4142135381698608,0.35565003752708435,0.35565003752708435,0.9762236475944519,0.9762236475944519
colon_0099-supine.mha,1,1.0,99.60009678988804,1938219,1.0,0.3573402762413025,0.3573402762413025,0.978176474571228,0.978176474571228
colon_0544-supine.mha,1,1.4142135381698608,93.2662676349939,1371988,1.4142135381698608,0.5805293321609497,0.5805293321609497,0.9640664458274841,0.9640664458274841
colon_0457-supine.mha,1,1.0,97.088992188281,2240736,1.0,0.3352680206298828,0.3352680206298828,0.9824724793434143,0.9824724793434143
colon_0284-supine.mha,1,1.0,99.57912330416194,1518497,1.0,0.35651007294654846,0.35651007294654846,0.9768451452255249,0.9768451452255249
colon_0393-supine.mha,1,7.071067810058594,92.85125097408519,1447512,7.071067810058594,1.0187228918075562,1.0187228918075562,0.9613364934921265,0.9613364934921265
colon_0302-prone.mha,1,1.0,96.19909787545812,1839879,1.0,0.3938767910003662,0.3938767910003662,0.9743013381958008,0.9743013381958008
colon_0293-prone.mha,1,1.0,98.3586050949796,1745954,1.0,0.33034056425094604,0.33034056425094604,0.9746479392051697,0.9746479392051697
colon_0024-prone.mha,1,1.0,93.5000237572231,1368005,1.0,0.4903359115123749,0.4903359115123749,0.964819610118866,0.964819610118866
colon_0411-prone.mha,1,1.0,99.3554724481628,1996346,1.0,0.34906908869743347,0.34906908869743347,0.979347825050354,0.979347825050354
colon_0618-supine.mha,1,1.0,97.24443355781416,1788126,1.0,0.36055460572242737,0.36055460572242737,0.9813671112060547,0.9813671112060547
colon_0053-supine.mha,1,1.0,95.69959851045968,1841642,1.0,0.4384036362171173,0.4384036362171173,0.9762704968452454,0.9762704968452454
colon_0502-prone.mha,1,1.0,97.69701400326059,2402012,1.0,0.3260944187641144,0.3260944187641144,0.9831433892250061,0.9831433892250061
colon_0456-supine.mha,1,1.0,96.95782722195942,1989269,1.0,0.3654681444168091,0.3654681444168091,0.9823903441429138,0.9823903441429138
colon_0464-prone.mha,1,3.0,95.73466604718371,1857463,3.0,0.5775368809700012,0.5775368809700012,0.9717755317687988,0.9717755317687988
colon_0447-prone.mha,1,2.8284270763397217,95.43369531713213,2079559,2.8284270763397217,0.630795419216156,0.630795419216156,0.963176429271698,0.963176429271698
colon_0226-supine.mha,1,191.55982971191406,98.59073840151925,116373,1.0,91.05476379394531,0.37446457147598267,0.17983750998973846,0.9746204614639282
colon_0226-supine.mha,2,198.31539916992188,97.66898089859347,27799,1.0,93.12550354003906,0.37446457147598267,0.045732274651527405,0.9746204614639282
colon_0226-supine.mha,3,88.26097869873047,99.59098595568088,953268,1.0,9.446824073791504,0.37446457147598267,0.8986585736274719,0.9746204614639282
colon_0226-supine.mha,4,190.9669952392578,93.81406542472591,11219,1.0,112.72972106933594,0.37446457147598267,0.01797902211546898,0.9746204614639282
colon_0226-supine.mha,5,229.0807647705078,90.93882000272517,7339,1.0,149.3203887939453,0.37446457147598267,0.01143857091665268,0.9746204614639282
colon_0226-supine.mha,6,256.4488220214844,88.6695278969957,1165,1.0,162.9063262939453,0.37446457147598267,0.001779876067303121,0.9746204614639282
colon_0408-prone.mha,1,1.4142135381698608,96.96380613716616,3217120,1.4142135381698608,0.4108595848083496,0.4108595848083496,0.9817230105400085,0.9817230105400085
colon_0604-supine.mha,1,1.0,97.64406583334979,1873397,1.0,0.30758050084114075,0.30758050084114075,0.9841697216033936,0.9841697216033936
