Filename,Component,Volume,Centerline Length
colon_0808-supine.mha,1,1419546.0,3458
colon_0585-prone.mha,1,1351188.0,2836
colon_0602-prone.mha,1,1773676.0,3141
colon_0064-supine.mha,1,329022.0,971
colon_0064-supine.mha,2,717958.0,985
colon_0064-supine.mha,3,1159603.0,3445
colon_0064-supine.mha,4,6475.0,91
colon_0064-supine.mha,5,3365.0,154
colon_0064-supine.mha,6,18093.0,63
colon_0790-supine.mha,1,2839439.0,3888
colon_0152-prone.mha,1,1365061.0,2534
colon_0155-prone.mha,1,716762.0,774
colon_0155-prone.mha,2,930865.0,1639
colon_0321-prone.mha,1,351180.0,1349
colon_0321-prone.mha,2,444104.0,1329
colon_0321-prone.mha,3,30905.0,94
colon_0210-prone.mha,1,2163423.0,4382
colon_0582-supine.mha,1,1850739.0,3860
colon_0404-supine.mha,1,2338043.0,2258
colon_0687-supine.mha,1,1224425.0,2860
colon_0109-prone.mha,1,268522.0,787
colon_0109-prone.mha,2,291747.0,1345
colon_0109-prone.mha,3,425477.0,889
colon_0540-prone.mha,1,1416420.0,2893
colon_0468-prone.mha,1,1609515.0,7980
colon_0373-prone.mha,1,117047.0,487
colon_0373-prone.mha,2,1081853.0,3398
colon_0373-prone.mha,3,15251.0,52
colon_0083-supine.mha,1,256968.0,394
colon_0083-supine.mha,2,3325.0,54
colon_0083-supine.mha,3,278816.0,654
colon_0083-supine.mha,4,604820.0,4802
colon_0041-supine.mha,1,2272951.0,3374
colon_0293-supine.mha,1,2298824.0,5478
colon_0730-prone.mha,1,1542136.0,2322
colon_0234-supine.mha,1,22874.0,191
colon_0234-supine.mha,2,864512.0,2076
colon_0506-supine.mha,1,1697565.0,7145
colon_0759-supine.mha,1,825422.0,2202
colon_0759-supine.mha,2,863364.0,1271
colon_0028-supine.mha,1,319380.0,665
colon_0028-supine.mha,2,1780290.0,1703
colon_0028-supine.mha,3,188462.0,1141
colon_0276-supine.mha,1,2121089.0,4267
colon_0806-prone.mha,1,2310438.0,10072
colon_0329-prone.mha,1,2201400.0,2949
colon_0496-supine.mha,1,408581.0,698
colon_0496-supine.mha,2,1852495.0,2312
colon_0243-supine.mha,1,37965.0,225
colon_0243-supine.mha,2,1220509.0,2237
colon_0449-supine.mha,1,171187.0,500
colon_0449-supine.mha,2,1329274.0,2308
colon_0744-prone.mha,1,621263.0,2781
colon_0354-supine.mha,1,447761.0,1811
colon_0354-supine.mha,2,1409943.0,1623
colon_0354-supine.mha,3,1994.0,57
colon_0354-supine.mha,4,6653.0,104
colon_0740-supine.mha,1,480326.0,4334
colon_0740-supine.mha,2,1128518.0,3221
colon_0810-supine.mha,1,2151198.0,4057
colon_0174-prone.mha,1,1284273.0,2782
colon_0191-supine.mha,1,2872842.0,7587
colon_0313-prone.mha,1,1890342.0,7219
colon_0767-supine.mha,1,378135.0,777
colon_0767-supine.mha,2,469396.0,1465
colon_0767-supine.mha,3,300317.0,3225
colon_0815-supine.mha,1,1384971.0,3590
colon_0633-supine.mha,1,1916526.0,3027
colon_0358-prone.mha,1,2573420.0,3450
colon_0773-supine.mha,1,282489.0,734
colon_0773-supine.mha,2,431357.0,1131
colon_0773-supine.mha,3,1005623.0,1645
colon_0773-supine.mha,4,1188.0,12
colon_0773-supine.mha,5,2971.0,128
colon_0307-prone.mha,1,271604.0,511
colon_0307-prone.mha,2,97934.0,284
colon_0307-prone.mha,3,1012.0,65
colon_0307-prone.mha,4,1474353.0,2217
colon_0489-prone.mha,1,481921.0,577
colon_0489-prone.mha,2,1641252.0,5753
colon_0436-prone.mha,1,1199323.0,3194
colon_0735-supine.mha,1,63895.0,702
colon_0735-supine.mha,2,158093.0,649
colon_0735-supine.mha,3,967028.0,1472
colon_0055-supine.mha,1,2972845.0,4166
colon_0435-prone.mha,1,274301.0,355
colon_0435-prone.mha,2,1074787.0,16861
colon_0237-supine.mha,1,1204084.0,5487
colon_0038-prone.mha,1,1761147.0,3378
colon_0395-supine.mha,1,1621677.0,3140
colon_0782-prone.mha,1,352344.0,588
colon_0782-prone.mha,2,556182.0,1258
colon_0782-prone.mha,3,282587.0,478
colon_0825-prone.mha,1,2647060.0,3466
colon_0678-prone.mha,1,4364322.0,6199
colon_0678-prone.mha,2,81814.0,793
colon_0678-prone.mha,3,1803.0,31
colon_0678-prone.mha,4,88883.0,646
colon_0805-prone.mha,1,543615.0,719
colon_0805-prone.mha,2,695079.0,570
colon_0805-prone.mha,3,504551.0,502
colon_0201-prone.mha,1,2424968.0,2292
colon_0107-supine.mha,1,1321291.0,3288
colon_0294-supine.mha,1,1839688.0,4020
colon_0065-supine.mha,1,2125408.0,2659
colon_0541-supine.mha,1,2001459.0,4961
colon_0620-supine.mha,1,2540135.0,4869
colon_0132-supine.mha,1,2892288.0,10614
colon_0606-prone.mha,1,1558854.0,3881
colon_0108-prone.mha,1,1063073.0,2931
colon_0108-prone.mha,2,854109.0,2924
colon_0108-prone.mha,3,1412.0,18
colon_0263-supine.mha,1,160422.0,868
colon_0263-supine.mha,2,127410.0,811
colon_0263-supine.mha,3,6985.0,79
colon_0263-supine.mha,4,60938.0,409
colon_0263-supine.mha,5,35481.0,141
colon_0263-supine.mha,6,8215.0,47
colon_0263-supine.mha,7,197156.0,872
colon_0208-supine.mha,1,1335264.0,2075
colon_0649-supine.mha,1,3242724.0,5056
colon_0052-supine.mha,1,1105561.0,1822
colon_0182-prone.mha,1,1692052.0,2693
colon_0543-prone.mha,1,1707487.0,2260
colon_0697-supine.mha,1,1280820.0,4647
colon_0615-prone.mha,1,145872.0,3632
colon_0615-prone.mha,2,34960.0,289
colon_0615-prone.mha,3,2329973.0,2211
colon_0624-prone.mha,1,45311.0,120
colon_0624-prone.mha,2,34262.0,304
colon_0624-prone.mha,3,32083.0,303
colon_0624-prone.mha,4,127760.0,1314
colon_0624-prone.mha,5,18656.0,86
colon_0624-prone.mha,6,22105.0,129
colon_0624-prone.mha,7,6035.0,28
colon_0624-prone.mha,8,8273.0,71
colon_0624-prone.mha,9,16963.0,172
colon_0624-prone.mha,10,1007.0,7
colon_0624-prone.mha,11,5700.0,96
colon_0624-prone.mha,12,20330.0,160
colon_0624-prone.mha,13,9492.0,29
colon_0624-prone.mha,14,11802.0,66
colon_0624-prone.mha,15,3771.0,67
colon_0624-prone.mha,16,4164.0,28
colon_0624-prone.mha,17,1484.0,26
colon_0380-supine.mha,1,2615227.0,8319
colon_0122-prone.mha,1,1420964.0,3962
colon_0524-supine.mha,1,136488.0,534
colon_0524-supine.mha,2,774355.0,4808
colon_0524-supine.mha,3,1981.0,62
colon_0524-supine.mha,4,6053.0,179
colon_0075-supine.mha,1,2505539.0,2888
colon_0075-supine.mha,2,2875.0,22
colon_0349-prone.mha,1,2439933.0,2654
colon_0406-supine.mha,1,137469.0,818
colon_0406-supine.mha,2,1458220.0,4184
colon_0406-supine.mha,3,6238.0,149
colon_0406-supine.mha,4,1973.0,18
colon_0406-supine.mha,5,1715.0,26
colon_0406-supine.mha,6,2873.0,25
colon_0062-supine.mha,1,1534128.0,2449
colon_0162-prone.mha,1,2434759.0,3609
colon_0133-prone.mha,1,3005875.0,7960
colon_0708-supine.mha,1,105887.0,322
colon_0708-supine.mha,2,1204370.0,1611
colon_0080-prone.mha,1,351747.0,3978
colon_0080-prone.mha,2,43727.0,448
colon_0080-prone.mha,3,437591.0,2004
colon_0080-prone.mha,4,41895.0,148
colon_0080-prone.mha,5,506552.0,833
colon_0080-prone.mha,6,1944.0,111
colon_0080-prone.mha,7,2359.0,83
colon_0300-prone.mha,1,249843.0,416
colon_0300-prone.mha,2,1603407.0,2332
colon_0219-supine.mha,1,74294.0,251
colon_0219-supine.mha,2,737803.0,1107
colon_0219-supine.mha,3,107539.0,226
colon_0691-prone.mha,1,365216.0,4211
colon_0691-prone.mha,2,11131.0,59
colon_0691-prone.mha,3,9456.0,41
colon_0691-prone.mha,4,12086.0,64
colon_0691-prone.mha,5,840301.0,2867
colon_0691-prone.mha,6,4726.0,41
colon_0691-prone.mha,7,14773.0,30
colon_0075-prone.mha,1,1792467.0,3031
colon_0234-prone.mha,1,174059.0,265
colon_0234-prone.mha,2,274687.0,750
colon_0234-prone.mha,3,5633.0,74
colon_0234-prone.mha,4,11863.0,179
colon_0234-prone.mha,5,157032.0,342
colon_0234-prone.mha,6,1200.0,59
colon_0679-prone.mha,1,325934.0,1895
colon_0679-prone.mha,2,98572.0,481
colon_0679-prone.mha,3,3324.0,86
colon_0679-prone.mha,4,2729.0,45
colon_0605-prone.mha,1,2865987.0,4137
colon_0469-prone.mha,1,372431.0,412
colon_0469-prone.mha,2,911545.0,1086
colon_0469-prone.mha,3,35468.0,112
colon_0469-prone.mha,4,647546.0,845
colon_0317-prone.mha,1,1708602.0,5261
colon_0440-supine.mha,1,308960.0,3449
colon_0440-supine.mha,2,788137.0,1909
colon_0430-prone.mha,1,882291.0,3095
colon_0430-prone.mha,2,900038.0,2129
colon_0668-prone.mha,1,1265719.0,3424
colon_0114-prone.mha,1,2324514.0,6559
colon_0807-supine.mha,1,1884758.0,6205
colon_0652-supine.mha,1,1428409.0,3543
colon_0746-supine.mha,1,2596975.0,4140
colon_0122-supine.mha,1,62380.0,303
colon_0122-supine.mha,2,1364673.0,2591
colon_0023-supine.mha,1,128867.0,1489
colon_0023-supine.mha,2,3211.0,67
colon_0023-supine.mha,3,954304.0,3986
colon_0023-supine.mha,4,1534.0,15
colon_0023-supine.mha,5,3939.0,39
colon_0023-supine.mha,6,2286.0,41
colon_0492-prone.mha,1,225545.0,343
colon_0492-prone.mha,2,56447.0,158
colon_0492-prone.mha,3,1338508.0,1245
colon_0438-supine.mha,1,2437067.0,2455
colon_0274-prone.mha,1,1372846.0,3423
colon_0748-supine.mha,1,140971.0,327
colon_0748-supine.mha,2,1492433.0,10547
colon_0748-supine.mha,3,2276.0,70
colon_0748-supine.mha,4,2514.0,22
colon_0272-supine.mha,1,1136918.0,3358
colon_0755-prone.mha,1,1536041.0,3201
colon_0126-supine.mha,1,188052.0,626
colon_0126-supine.mha,2,282601.0,747
colon_0126-supine.mha,3,1068.0,27
colon_0126-supine.mha,4,9184.0,64
colon_0126-supine.mha,5,75772.0,187
colon_0468-supine.mha,1,1996164.0,5011
colon_0642-prone.mha,1,2007093.0,3978
colon_0437-supine.mha,1,1383048.0,5328
colon_0437-supine.mha,2,1718.0,91
colon_0123-supine.mha,1,164361.0,604
colon_0123-supine.mha,2,121992.0,845
colon_0123-supine.mha,3,571664.0,2964
colon_0306-supine.mha,1,2018468.0,3358
colon_0532-supine.mha,1,49457.0,185
colon_0532-supine.mha,2,833121.0,1536
colon_0532-supine.mha,3,33720.0,204
colon_0738-prone.mha,1,32219.0,105
colon_0738-prone.mha,2,1264.0,25
colon_0738-prone.mha,3,227453.0,830
colon_0738-prone.mha,4,11943.0,83
colon_0738-prone.mha,5,3609.0,39
colon_0738-prone.mha,6,3873.0,40
colon_0738-prone.mha,7,169081.0,676
colon_0738-prone.mha,8,1045.0,18
colon_0738-prone.mha,9,22886.0,40
colon_0738-prone.mha,10,28565.0,71
colon_0533-prone.mha,1,640163.0,1085
colon_0533-prone.mha,2,2922.0,49
colon_0533-prone.mha,3,2044.0,18
colon_0533-prone.mha,4,499651.0,920
colon_0622-supine.mha,1,1277462.0,1762
colon_0315-prone.mha,1,197102.0,1294
colon_0315-prone.mha,2,141233.0,195
colon_0315-prone.mha,3,480042.0,513
colon_0315-prone.mha,4,795196.0,837
colon_0033-prone.mha,1,591590.0,1269
colon_0033-prone.mha,2,1299332.0,2073
colon_0145-prone.mha,1,1555272.0,7739
colon_0253-supine.mha,1,66142.0,233
colon_0253-supine.mha,2,189814.0,630
colon_0253-supine.mha,3,6997.0,116
colon_0253-supine.mha,4,7622.0,22
colon_0253-supine.mha,5,13263.0,829
colon_0253-supine.mha,6,503108.0,1310
colon_0253-supine.mha,7,5358.0,82
colon_0022-supine.mha,1,3333660.0,9828
colon_0716-prone.mha,1,1708641.0,2785
colon_0716-prone.mha,2,40930.0,81
colon_0783-supine.mha,1,2619671.0,2781
colon_0448-prone.mha,1,1520241.0,1753
colon_0040-supine.mha,1,1320607.0,3059
colon_0768-prone.mha,1,2349402.0,2545
colon_0768-prone.mha,2,60640.0,770
colon_0726-supine.mha,1,2162099.0,2983
colon_0140-prone.mha,1,1668187.0,1987
colon_0035-supine.mha,1,274370.0,444
colon_0035-supine.mha,2,20924.0,175
colon_0035-supine.mha,3,7797.0,89
colon_0035-supine.mha,4,424039.0,2832
colon_0035-supine.mha,5,1347.0,23
colon_0035-supine.mha,6,671959.0,8928
colon_0558-supine.mha,1,107594.0,405
colon_0558-supine.mha,2,1456726.0,2770
colon_0199-prone.mha,1,157580.0,1472
colon_0199-prone.mha,2,11568.0,518
colon_0199-prone.mha,3,6410.0,378
colon_0199-prone.mha,4,475971.0,554
colon_0199-prone.mha,5,67337.0,52
colon_0199-prone.mha,6,180294.0,296
colon_0199-prone.mha,7,21189.0,47
colon_0161-supine.mha,1,2742994.0,4329
colon_0476-supine.mha,1,106774.0,282
colon_0476-supine.mha,2,226278.0,447
colon_0476-supine.mha,3,1619365.0,1385
colon_0476-supine.mha,4,8150.0,21
colon_0476-supine.mha,5,6305.0,10
colon_0758-supine.mha,1,1926710.0,2545
colon_0442-prone.mha,1,1067187.0,2155
colon_0185-prone.mha,1,287749.0,373
colon_0185-prone.mha,2,151752.0,411
colon_0185-prone.mha,3,15326.0,39
colon_0185-prone.mha,4,8793.0,27
colon_0256-supine.mha,1,58903.0,1242
colon_0256-supine.mha,2,1127230.0,1306
colon_0256-supine.mha,3,36932.0,297
colon_0647-supine.mha,1,806451.0,4559
colon_0647-supine.mha,2,4136.0,135
colon_0273-prone.mha,1,1112948.0,2452
colon_0273-prone.mha,2,2505.0,35
colon_0415-supine.mha,1,1730563.0,2066
colon_0228-prone.mha,1,2434050.0,4562
colon_0228-prone.mha,2,322128.0,522
colon_0094-supine.mha,1,2317605.0,5335
colon_0123-prone.mha,1,272739.0,1031
colon_0123-prone.mha,2,640101.0,2530
colon_0123-prone.mha,3,2584.0,86
colon_0123-prone.mha,4,2756.0,46
colon_0091-prone.mha,1,1562582.0,5306
colon_0336-prone.mha,1,1656280.0,5158
colon_0414-prone.mha,1,330059.0,2053
colon_0414-prone.mha,2,22558.0,192
colon_0414-prone.mha,3,319724.0,2299
colon_0414-prone.mha,4,1302.0,33
colon_0414-prone.mha,5,6517.0,25
colon_0414-prone.mha,6,10171.0,43
colon_0414-prone.mha,7,79657.0,191
colon_0003-supine.mha,1,2182597.0,4901
colon_0399-supine.mha,1,1581325.0,2458
colon_0503-prone.mha,1,891069.0,3644
colon_0503-prone.mha,2,780727.0,757
colon_0364-supine.mha,1,246622.0,726
colon_0364-supine.mha,2,1139755.0,2844
colon_0078-prone.mha,1,1902172.0,3432
colon_0078-prone.mha,2,1649.0,72
colon_0046-supine.mha,1,948888.0,3340
colon_0252-supine.mha,1,1873055.0,6294
colon_0752-prone.mha,1,2871850.0,2928
colon_0543-supine.mha,1,1597176.0,2405
colon_0655-supine.mha,1,1512782.0,2331
colon_0246-prone.mha,1,166079.0,456
colon_0246-prone.mha,2,5967.0,68
colon_0246-prone.mha,3,1146932.0,2534
colon_0709-supine.mha,1,245942.0,511
colon_0709-supine.mha,2,2382.0,45
colon_0709-supine.mha,3,857381.0,1627
colon_0349-supine.mha,1,2097891.0,2615
colon_0639-prone.mha,1,251009.0,328
colon_0639-prone.mha,2,22241.0,169
colon_0639-prone.mha,3,249075.0,382
colon_0639-prone.mha,4,154002.0,244
colon_0334-prone.mha,1,1885117.0,2676
colon_0334-prone.mha,2,1538.0,42
colon_0640-prone.mha,1,1901297.0,5797
colon_0640-prone.mha,2,11134.0,41
colon_0231-supine.mha,1,364994.0,459
colon_0231-supine.mha,2,1031364.0,1718
colon_0813-supine.mha,1,70013.0,297
colon_0813-supine.mha,2,232372.0,256
colon_0813-supine.mha,3,334037.0,475
colon_0813-supine.mha,4,239133.0,361
colon_0813-supine.mha,5,6865.0,63
colon_0813-supine.mha,6,1518.0,4
colon_0813-supine.mha,7,548019.0,1150
colon_0124-prone.mha,1,1136994.0,2695
colon_0214-supine.mha,1,2965255.0,4985
colon_0261-prone.mha,1,1367030.0,5627
colon_0261-prone.mha,2,3965.0,78
colon_0485-supine.mha,1,1396474.0,2474
colon_0434-prone.mha,1,641897.0,1010
colon_0434-prone.mha,2,577077.0,1620
colon_0434-prone.mha,3,77831.0,148
colon_0434-prone.mha,4,162713.0,361
colon_0434-prone.mha,5,6644.0,40
colon_0343-supine.mha,1,1680831.0,4024
colon_0590-prone.mha,1,2204004.0,3107
colon_0405-prone.mha,1,1607306.0,3475
colon_0465-prone.mha,1,2259475.0,3003
colon_0506-prone.mha,1,1900971.0,9350
colon_0271-prone.mha,1,1402824.0,5690
colon_0314-supine.mha,1,40331.0,94
colon_0314-supine.mha,2,287779.0,568
colon_0314-supine.mha,3,2046759.0,5087
colon_0368-prone.mha,1,286111.0,566
colon_0368-prone.mha,2,317182.0,731
colon_0368-prone.mha,3,14440.0,1817
colon_0368-prone.mha,4,462776.0,2012
colon_0089-supine.mha,1,298552.0,1340
colon_0089-supine.mha,2,651900.0,1675
colon_0092-prone.mha,1,1799071.0,2497
colon_0097-prone.mha,1,294698.0,2131
colon_0097-prone.mha,2,84002.0,215
colon_0097-prone.mha,3,73327.0,302
colon_0097-prone.mha,4,101380.0,684
colon_0236-supine.mha,1,122002.0,230
colon_0236-supine.mha,2,2286782.0,2699
colon_0403-prone.mha,1,299756.0,359
colon_0403-prone.mha,2,30133.0,146
colon_0403-prone.mha,3,117780.0,371
colon_0403-prone.mha,4,8013.0,102
colon_0403-prone.mha,5,785910.0,3195
colon_0021-prone.mha,1,1658702.0,5196
colon_0310-supine.mha,1,1532566.0,6843
colon_0751-prone.mha,1,523422.0,1130
colon_0751-prone.mha,2,843581.0,3987
colon_0519-prone.mha,1,2179713.0,8300
colon_0576-prone.mha,1,193497.0,466
colon_0576-prone.mha,2,513704.0,737
colon_0576-prone.mha,3,1915.0,99
colon_0576-prone.mha,4,390694.0,1018
colon_0521-prone.mha,1,1676606.0,1843
colon_0730-supine.mha,1,1626932.0,2478
colon_0149-supine.mha,1,341339.0,2291
colon_0149-supine.mha,2,2241782.0,2128
colon_0528-supine.mha,1,3119693.0,7228
colon_0486-supine.mha,1,2150667.0,5716
colon_0486-supine.mha,2,1627.0,33
colon_0425-supine.mha,1,157792.0,505
colon_0425-supine.mha,2,12321.0,167
colon_0425-supine.mha,3,1689300.0,1411
colon_0566-supine.mha,1,1852057.0,4193
colon_0072-prone.mha,1,2429109.0,7101
colon_0193-supine.mha,1,2085016.0,2312
colon_0193-supine.mha,2,1341.0,10
colon_0723-supine.mha,1,1676036.0,2581
colon_0375-supine.mha,1,885367.0,2555
colon_0652-prone.mha,1,700566.0,1399
colon_0652-prone.mha,2,390703.0,1147
colon_0425-prone.mha,1,680679.0,1956
colon_0425-prone.mha,2,977818.0,1062
colon_0091-supine.mha,1,2190420.0,4249
colon_0183-prone.mha,1,1216865.0,1947
colon_0183-prone.mha,2,453628.0,2239
colon_0257-supine.mha,1,2016537.0,4513
colon_0330-prone.mha,1,1566953.0,2560
colon_0583-prone.mha,1,2338934.0,4142
colon_0583-prone.mha,2,382428.0,663
colon_0374-prone.mha,1,335510.0,507
colon_0374-prone.mha,2,72204.0,158
colon_0374-prone.mha,3,28564.0,159
colon_0374-prone.mha,4,12313.0,143
colon_0374-prone.mha,5,166930.0,303
colon_0374-prone.mha,6,11455.0,105
colon_0374-prone.mha,7,60709.0,93
colon_0816-prone.mha,1,508309.0,852
colon_0816-prone.mha,2,1452327.0,2097
colon_0221-prone.mha,1,1781870.0,2657
colon_0548-prone.mha,1,284285.0,357
colon_0548-prone.mha,2,273823.0,732
colon_0548-prone.mha,3,50661.0,964
colon_0548-prone.mha,4,178976.0,654
colon_0548-prone.mha,5,261369.0,691
colon_0033-supine.mha,1,88947.0,286
colon_0033-supine.mha,2,1199019.0,3799
colon_0033-supine.mha,3,388371.0,1023
colon_0056-prone.mha,1,197857.0,781
colon_0056-prone.mha,2,1843.0,128
colon_0056-prone.mha,3,187202.0,443
colon_0056-prone.mha,4,380577.0,968
colon_0381-supine.mha,1,2133900.0,3646
colon_0027-supine.mha,1,2208350.0,4526
colon_0369-prone.mha,1,351352.0,537
colon_0369-prone.mha,2,93559.0,171
colon_0369-prone.mha,3,1032342.0,1280
colon_0371-supine.mha,1,1376179.0,2474
colon_0505-prone.mha,1,1532279.0,4324
colon_0134-supine.mha,1,3281036.0,7848
colon_0146-prone.mha,1,1930161.0,7022
colon_0146-prone.mha,2,2773.0,62
colon_0646-supine.mha,1,1777716.0,3545
colon_0617-prone.mha,1,2719844.0,2985
colon_0082-supine.mha,1,1780859.0,1900
colon_0762-supine.mha,1,289218.0,1800
colon_0762-supine.mha,2,26372.0,88
colon_0762-supine.mha,3,921168.0,2101
colon_0762-supine.mha,4,27245.0,64
colon_0534-prone.mha,1,982274.0,4339
colon_0534-prone.mha,2,366393.0,553
colon_0534-prone.mha,3,1082.0,8
colon_0721-supine.mha,1,186892.0,2581
colon_0721-supine.mha,2,1357444.0,1676
colon_0160-supine.mha,1,2282905.0,2466
colon_0417-supine.mha,1,405903.0,3023
colon_0417-supine.mha,2,2620959.0,4026
colon_0417-supine.mha,3,3986.0,121
colon_0127-prone.mha,1,1610379.0,5790
colon_0612-prone.mha,1,110009.0,171
colon_0612-prone.mha,2,16237.0,74
colon_0612-prone.mha,3,12360.0,72
colon_0612-prone.mha,4,32853.0,1810
colon_0612-prone.mha,5,114878.0,218
colon_0612-prone.mha,6,4122.0,75
colon_0612-prone.mha,7,25968.0,63
colon_0612-prone.mha,8,14043.0,65
colon_0068-supine.mha,1,71286.0,293
colon_0068-supine.mha,2,173995.0,658
colon_0068-supine.mha,3,906373.0,2550
colon_0068-supine.mha,4,1413.0,54
colon_0068-supine.mha,5,133331.0,377
colon_0497-prone.mha,1,671041.0,1115
colon_0497-prone.mha,2,17619.0,54
colon_0497-prone.mha,3,234711.0,4299
colon_0497-prone.mha,4,541150.0,2031
colon_0770-prone.mha,1,2594307.0,2506
colon_0346-prone.mha,1,1935845.0,2711
colon_0546-prone.mha,1,779445.0,3858
colon_0546-prone.mha,2,484514.0,1234
colon_0069-prone.mha,1,376472.0,579
colon_0069-prone.mha,2,354989.0,558
colon_0069-prone.mha,3,400371.0,1032
colon_0459-supine.mha,1,2156877.0,3047
colon_0415-prone.mha,1,1814760.0,2235
colon_0212-supine.mha,1,145186.0,400
colon_0212-supine.mha,2,185281.0,1370
colon_0212-supine.mha,3,2179.0,67
colon_0212-supine.mha,4,1066.0,28
colon_0212-supine.mha,5,6394.0,89
colon_0212-supine.mha,6,210136.0,539
colon_0530-prone.mha,1,307322.0,4703
colon_0530-prone.mha,2,306020.0,682
colon_0530-prone.mha,3,1265.0,38
colon_0530-prone.mha,4,174438.0,264
colon_0312-supine.mha,1,2178530.0,2728
colon_0664-supine.mha,1,2933168.0,4503
colon_0480-supine.mha,1,1935964.0,2802
colon_0423-prone.mha,1,998280.0,3521
colon_0772-prone.mha,1,1718015.0,2939
colon_0084-prone.mha,1,246907.0,979
colon_0084-prone.mha,2,298023.0,721
colon_0084-prone.mha,3,263245.0,307
colon_0456-prone.mha,1,1840441.0,3332
colon_0601-supine.mha,1,83488.0,246
colon_0601-supine.mha,2,33257.0,83
colon_0601-supine.mha,3,22368.0,84
colon_0601-supine.mha,4,3932.0,28
colon_0601-supine.mha,5,1319274.0,3607
colon_0601-supine.mha,6,2775.0,47
colon_0601-supine.mha,7,1742.0,66
colon_0601-supine.mha,8,17823.0,58
colon_0475-supine.mha,1,1218027.0,2136
colon_0047-supine.mha,1,2519186.0,4427
colon_0797-supine.mha,1,1136036.0,3878
colon_0629-supine.mha,1,1668950.0,5329
colon_0385-supine.mha,1,1461895.0,2282
colon_0004-prone.mha,1,1719196.0,4738
colon_0618-prone.mha,1,1731176.0,2810
colon_0636-supine.mha,1,82711.0,1516
colon_0636-supine.mha,2,1144983.0,2863
colon_0637-supine.mha,1,3407159.0,7701
colon_0158-supine.mha,1,2077519.0,8037
colon_0237-prone.mha,1,289425.0,3629
colon_0237-prone.mha,2,295348.0,801
colon_0237-prone.mha,3,258131.0,957
colon_0431-prone.mha,1,453733.0,6293
colon_0431-prone.mha,2,1989866.0,4996
colon_0575-supine.mha,1,65072.0,2457
colon_0575-supine.mha,2,45488.0,267
colon_0575-supine.mha,3,1767.0,25
colon_0575-supine.mha,4,5378.0,61
colon_0575-supine.mha,5,4890.0,58
colon_0575-supine.mha,6,272070.0,2054
colon_0575-supine.mha,7,132807.0,1016
colon_0575-supine.mha,8,93920.0,418
colon_0452-supine.mha,1,194987.0,518
colon_0452-supine.mha,2,19152.0,126
colon_0452-supine.mha,3,58273.0,322
colon_0452-supine.mha,4,810680.0,2234
colon_0247-prone.mha,1,3001760.0,4840
colon_0778-supine.mha,1,1464026.0,2266
colon_0624-supine.mha,1,48586.0,324
colon_0624-supine.mha,2,1737.0,34
colon_0624-supine.mha,3,37058.0,177
colon_0624-supine.mha,4,6410.0,30
colon_0624-supine.mha,5,4713.0,36
colon_0624-supine.mha,6,49777.0,399
colon_0624-supine.mha,7,11321.0,296
colon_0624-supine.mha,8,89817.0,634
colon_0624-supine.mha,9,16760.0,80
colon_0624-supine.mha,10,55661.0,269
colon_0624-supine.mha,11,8431.0,36
colon_0624-supine.mha,12,2124.0,35
colon_0624-supine.mha,13,6854.0,29
colon_0624-supine.mha,14,4448.0,81
colon_0624-supine.mha,15,15072.0,122
colon_0624-supine.mha,16,5253.0,26
colon_0624-supine.mha,17,13210.0,110
colon_0624-supine.mha,18,7070.0,68
colon_0624-supine.mha,19,6757.0,65
colon_0624-supine.mha,20,5233.0,30
colon_0769-prone.mha,1,2335785.0,7019
colon_0432-prone.mha,1,1787327.0,7667
colon_0333-supine.mha,1,251759.0,1818
colon_0333-supine.mha,2,1784967.0,5794
colon_0054-supine.mha,1,20668.0,147
colon_0054-supine.mha,2,1032442.0,1979
colon_0054-supine.mha,3,8001.0,20
colon_0707-prone.mha,1,2221006.0,3624
colon_0498-supine.mha,1,423633.0,738
colon_0498-supine.mha,2,465765.0,1415
colon_0498-supine.mha,3,1290245.0,4224
colon_0008-supine.mha,1,1967481.0,10970
colon_0010-supine.mha,1,2531440.0,7263
colon_0010-supine.mha,2,3365.0,18
colon_0569-prone.mha,1,317712.0,597
colon_0569-prone.mha,2,29865.0,150
colon_0569-prone.mha,3,565281.0,2549
colon_0569-prone.mha,4,706748.0,961
colon_0569-prone.mha,5,20271.0,132
colon_0630-supine.mha,1,1270378.0,2847
colon_0277-supine.mha,1,222412.0,772
colon_0277-supine.mha,2,1005.0,31
colon_0277-supine.mha,3,256364.0,1395
colon_0277-supine.mha,4,174323.0,1023
colon_0819-prone.mha,1,2581317.0,2214
colon_0335-supine.mha,1,212938.0,424
colon_0335-supine.mha,2,1262258.0,2456
colon_0593-prone.mha,1,166658.0,3128
colon_0593-prone.mha,2,1109.0,17
colon_0593-prone.mha,3,2864.0,29
colon_0593-prone.mha,4,577821.0,1038
colon_0593-prone.mha,5,489059.0,576
colon_0206-supine.mha,1,918672.0,2318
colon_0811-supine.mha,1,34798.0,629
colon_0454-prone.mha,1,271341.0,479
colon_0454-prone.mha,2,55638.0,196
colon_0454-prone.mha,3,1170.0,25
colon_0454-prone.mha,4,1042019.0,3088
colon_0523-prone.mha,1,1748507.0,5716
colon_0474-supine.mha,1,1666474.0,4026
colon_0399-prone.mha,1,1592133.0,3453
colon_0338-prone.mha,1,238067.0,397
colon_0338-prone.mha,2,747358.0,892
colon_0338-prone.mha,3,6503.0,106
colon_0338-prone.mha,4,319296.0,712
colon_0090-supine.mha,1,93652.0,293
colon_0090-supine.mha,2,1989192.0,2572
colon_0513-prone.mha,1,2165449.0,3633
colon_0781-prone.mha,1,2212631.0,2470
colon_0781-prone.mha,2,30257.0,113
colon_0781-prone.mha,3,274345.0,289
colon_0361-prone.mha,1,1591049.0,4092
colon_0619-supine.mha,1,990512.0,2352
colon_0079-supine.mha,1,41418.0,275
colon_0079-supine.mha,2,907278.0,940
colon_0079-supine.mha,3,53481.0,128
colon_0079-supine.mha,4,25319.0,73
colon_0799-prone.mha,1,1347238.0,3303
colon_0280-prone.mha,1,1901745.0,4478
colon_0216-prone.mha,1,258163.0,564
colon_0216-prone.mha,2,6265.0,308
colon_0216-prone.mha,3,346365.0,2076
colon_0216-prone.mha,4,290941.0,559
colon_0790-prone.mha,1,2858147.0,4991
colon_0790-prone.mha,2,3239.0,138
colon_0241-prone.mha,1,1803328.0,4673
colon_0262-prone.mha,1,2651485.0,10286
colon_0110-supine.mha,1,181635.0,737
colon_0110-supine.mha,2,838041.0,2236
colon_0632-supine.mha,1,1356103.0,4171
colon_0194-supine.mha,1,1227747.0,3993
colon_0791-supine.mha,1,436139.0,2445
colon_0791-supine.mha,2,2259.0,65
colon_0791-supine.mha,3,1300133.0,2678
colon_0791-supine.mha,4,13211.0,106
colon_0222-supine.mha,1,536130.0,825
colon_0222-supine.mha,2,1446930.0,1559
colon_0299-supine.mha,1,1500048.0,2562
colon_0333-prone.mha,1,1931803.0,14375
colon_0599-supine.mha,1,2659356.0,6521
colon_0350-supine.mha,1,2213042.0,8173
colon_0231-prone.mha,1,1784155.0,2178
colon_0310-prone.mha,1,1229944.0,3714
colon_0192-prone.mha,1,2229699.0,8033
colon_0025-supine.mha,1,2269275.0,11296
colon_0379-prone.mha,1,125563.0,361
colon_0379-prone.mha,2,34019.0,160
colon_0379-prone.mha,3,3408.0,176
colon_0379-prone.mha,4,27154.0,52
colon_0379-prone.mha,5,1044.0,18
colon_0379-prone.mha,6,2513.0,64
colon_0379-prone.mha,7,13412.0,72
colon_0379-prone.mha,8,8713.0,103
colon_0379-prone.mha,9,40225.0,448
colon_0379-prone.mha,10,57242.0,267
colon_0379-prone.mha,11,13080.0,57
colon_0379-prone.mha,12,37589.0,164
colon_0379-prone.mha,13,12261.0,139
colon_0379-prone.mha,14,3132.0,60
colon_0379-prone.mha,15,15877.0,61
colon_0591-prone.mha,1,417478.0,1800
colon_0591-prone.mha,2,5333.0,55
colon_0591-prone.mha,3,334109.0,1355
colon_0591-prone.mha,4,28582.0,49
colon_0591-prone.mha,5,96166.0,360
colon_0591-prone.mha,6,23450.0,61
colon_0591-prone.mha,7,7460.0,108
colon_0568-prone.mha,1,642412.0,1207
colon_0568-prone.mha,2,1555091.0,1937
colon_0203-supine.mha,1,357273.0,2874
colon_0203-supine.mha,2,631622.0,2673
colon_0203-supine.mha,3,46328.0,371
colon_0191-prone.mha,1,3037373.0,14665
colon_0473-supine.mha,1,3489072.0,4187
colon_0551-prone.mha,1,1631563.0,7205
colon_0551-prone.mha,2,2444.0,31
colon_0165-supine.mha,1,1905673.0,2651
colon_0561-prone.mha,1,1686720.0,2948
colon_0561-prone.mha,2,972192.0,1347
colon_0198-prone.mha,1,2509030.0,2785
colon_0256-prone.mha,1,211210.0,382
colon_0256-prone.mha,2,15427.0,122
colon_0256-prone.mha,3,927132.0,1003
colon_0226-prone.mha,1,225733.0,1013
colon_0226-prone.mha,2,957986.0,2274
colon_0226-prone.mha,3,1526.0,21
colon_0631-supine.mha,1,2068290.0,2791
colon_0312-prone.mha,1,302189.0,332
colon_0312-prone.mha,2,414402.0,732
colon_0312-prone.mha,3,712165.0,1150
colon_0529-supine.mha,1,1429746.0,2474
colon_0112-prone.mha,1,2141412.0,6862
colon_0112-prone.mha,2,8987.0,75
colon_0013-supine.mha,1,670861.0,1104
colon_0013-supine.mha,2,1354724.0,1773
colon_0372-prone.mha,1,1595066.0,6777
colon_0095-prone.mha,1,2450763.0,2759
colon_0148-prone.mha,1,1447546.0,5428
colon_0223-prone.mha,1,1883624.0,8105
colon_0814-supine.mha,1,96295.0,358
colon_0814-supine.mha,2,1043297.0,2259
colon_0814-supine.mha,3,13326.0,193
colon_0814-supine.mha,4,8823.0,94
colon_0814-supine.mha,5,8355.0,48
colon_0436-supine.mha,1,114660.0,368
colon_0436-supine.mha,2,838213.0,1456
colon_0771-supine.mha,1,2676495.0,2186
colon_0043-supine.mha,1,2467720.0,2966
colon_0627-supine.mha,1,2751852.0,6982
colon_0283-supine.mha,1,1762757.0,3087
colon_0479-supine.mha,1,2266841.0,4644
colon_0672-supine.mha,1,962032.0,3278
colon_0672-supine.mha,2,22665.0,87
colon_0760-prone.mha,1,259254.0,261
colon_0760-prone.mha,2,441905.0,1014
colon_0760-prone.mha,3,10525.0,65
colon_0760-prone.mha,4,275285.0,498
colon_0582-prone.mha,1,1477153.0,3412
colon_0559-prone.mha,1,724824.0,1941
colon_0559-prone.mha,2,595382.0,648
colon_0559-prone.mha,3,1031.0,14
colon_0029-prone.mha,1,328240.0,901
colon_0029-prone.mha,2,2983367.0,4278
colon_0066-prone.mha,1,2358971.0,2956
colon_0121-supine.mha,1,1831190.0,2976
colon_0745-prone.mha,1,233849.0,1548
colon_0745-prone.mha,2,461253.0,1073
colon_0745-prone.mha,3,37863.0,45
colon_0745-prone.mha,4,2914.0,159
colon_0745-prone.mha,5,3924.0,51
colon_0745-prone.mha,6,13344.0,40
colon_0745-prone.mha,7,261324.0,881
colon_0745-prone.mha,8,2338.0,21
colon_0745-prone.mha,9,1015.0,4
colon_0001-supine.mha,1,1837706.0,2048
colon_0218-prone.mha,1,1971082.0,3198
colon_0350-prone.mha,1,2397945.0,5301
colon_0350-prone.mha,2,10228.0,290
colon_0027-prone.mha,1,948613.0,2541
colon_0027-prone.mha,2,501059.0,1924
colon_0304-prone.mha,1,879336.0,1701
colon_0304-prone.mha,2,326711.0,1126
colon_0659-prone.mha,1,1947120.0,3669
colon_0055-prone.mha,1,111102.0,367
colon_0055-prone.mha,2,1914667.0,5050
colon_0635-supine.mha,1,1869308.0,3035
colon_0247-supine.mha,1,3167614.0,4846
colon_0818-supine.mha,1,213140.0,351
colon_0818-supine.mha,2,12277.0,1
colon_0818-supine.mha,3,940874.0,2457
colon_0818-supine.mha,4,2805.0,65
colon_0021-supine.mha,1,2259236.0,4611
colon_0525-supine.mha,1,1767753.0,3599
colon_0305-supine.mha,1,214074.0,686
colon_0305-supine.mha,2,1480129.0,2879
colon_0534-supine.mha,1,1353884.0,3857
colon_0351-supine.mha,1,1370559.0,3051
colon_0615-supine.mha,1,147114.0,877
colon_0615-supine.mha,2,19482.0,102
colon_0615-supine.mha,3,2739244.0,2074
colon_0613-supine.mha,1,953655.0,2640
colon_0574-prone.mha,1,1852356.0,7378
colon_0111-supine.mha,1,2040957.0,4938
colon_0042-supine.mha,1,1192321.0,5650
colon_0761-prone.mha,1,2194649.0,6464
colon_0535-supine.mha,1,818446.0,1888
colon_0396-supine.mha,1,1378632.0,3590
colon_0396-supine.mha,2,94672.0,161
colon_0636-prone.mha,1,1488201.0,4131
colon_0527-prone.mha,1,1260614.0,2950
colon_0686-supine.mha,1,1960811.0,2136
colon_0215-supine.mha,1,95508.0,407
colon_0215-supine.mha,2,1231.0,32
colon_0215-supine.mha,3,485074.0,1707
colon_0215-supine.mha,4,14193.0,206
colon_0215-prone.mha,1,1040037.0,2848
colon_0597-supine.mha,1,239174.0,460
colon_0597-supine.mha,2,1107513.0,1666
colon_0421-supine.mha,1,23815.0,140
colon_0421-supine.mha,2,1151735.0,2998
colon_0049-prone.mha,1,1841222.0,3654
colon_0822-prone.mha,1,1376453.0,3258
colon_0822-prone.mha,2,10263.0,41
colon_0125-supine.mha,1,2063310.0,2903
colon_0650-supine.mha,1,1551805.0,4368
colon_0177-supine.mha,1,2057965.0,2812
colon_0455-prone.mha,1,1672167.0,2690
colon_0073-supine.mha,1,59182.0,170
colon_0073-supine.mha,2,288841.0,694
colon_0073-supine.mha,3,1768792.0,9351
colon_0309-prone.mha,1,187176.0,776
colon_0309-prone.mha,2,210999.0,2108
colon_0309-prone.mha,3,804598.0,3121
colon_0444-prone.mha,1,240381.0,267
colon_0444-prone.mha,2,532406.0,836
colon_0444-prone.mha,3,709049.0,3179
colon_0139-prone.mha,1,2257747.0,2832
colon_0645-prone.mha,1,1640686.0,5401
colon_0480-prone.mha,1,1765055.0,3210
colon_0387-supine.mha,1,1525485.0,3047
colon_0198-supine.mha,1,2464910.0,3297
colon_0074-prone.mha,1,1365441.0,3471
colon_0099-prone.mha,1,503942.0,665
colon_0099-prone.mha,2,933334.0,5503
colon_0384-supine.mha,1,148188.0,3405
colon_0384-supine.mha,2,1406792.0,2467
colon_0384-supine.mha,3,342134.0,259
colon_0402-supine.mha,1,749465.0,5173
colon_0402-supine.mha,2,1208729.0,1109
colon_0499-supine.mha,1,2323020.0,4477
colon_0143-supine.mha,1,208525.0,716
colon_0143-supine.mha,2,487883.0,1260
colon_0143-supine.mha,3,1586.0,26
colon_0494-prone.mha,1,2016545.0,2114
colon_0373-supine.mha,1,1510474.0,3833
colon_0718-supine.mha,1,2787428.0,4086
colon_0711-prone.mha,1,682575.0,1364
colon_0711-prone.mha,2,477723.0,1325
colon_0711-prone.mha,3,124891.0,331
colon_0711-prone.mha,4,189368.0,622
colon_0752-supine.mha,1,2906546.0,2694
colon_0752-supine.mha,2,10255.0,409
colon_0431-supine.mha,1,101812.0,776
colon_0431-supine.mha,2,1691101.0,2814
colon_0778-prone.mha,1,1352686.0,2368
colon_0217-supine.mha,1,1881086.0,2189
colon_0298-supine.mha,1,1820293.0,2148
colon_0347-supine.mha,1,1683832.0,4257
colon_0303-supine.mha,1,1853303.0,4052
colon_0259-supine.mha,1,1313069.0,3492
colon_0742-prone.mha,1,364254.0,1792
colon_0742-prone.mha,2,7996.0,1
colon_0742-prone.mha,3,11722.0,104
colon_0742-prone.mha,4,9693.0,4
colon_0742-prone.mha,5,380487.0,1349
colon_0742-prone.mha,6,303706.0,707
colon_0103-supine.mha,1,87603.0,252
colon_0103-supine.mha,2,266282.0,896
colon_0103-supine.mha,3,990553.0,1368
colon_0673-supine.mha,1,325546.0,2741
colon_0673-supine.mha,2,3085613.0,2496
colon_0516-supine.mha,1,334642.0,2461
colon_0516-supine.mha,2,811776.0,1554
colon_0379-supine.mha,1,170036.0,967
colon_0379-supine.mha,2,811548.0,2698
colon_0379-supine.mha,3,20235.0,747
colon_0005-prone.mha,1,1392239.0,6705
colon_0098-supine.mha,1,1797188.0,2953
colon_0666-supine.mha,1,1705215.0,5621
colon_0545-prone.mha,1,1455422.0,2558
colon_0710-prone.mha,1,674772.0,1098
colon_0710-prone.mha,2,318356.0,689
colon_0180-prone.mha,1,1609813.0,3521
colon_0347-prone.mha,1,1695181.0,2180
colon_0181-supine.mha,1,36972.0,183
colon_0181-supine.mha,2,1529140.0,2829
colon_0158-prone.mha,1,1916561.0,6644
colon_0813-prone.mha,1,1031655.0,1879
colon_0813-prone.mha,2,1569502.0,2419
colon_0044-prone.mha,1,2297.0,75
colon_0044-prone.mha,2,238738.0,660
colon_0044-prone.mha,3,404413.0,1298
colon_0044-prone.mha,4,782565.0,2376
colon_0044-prone.mha,5,17528.0,114
colon_0044-prone.mha,6,3019.0,14
colon_0044-prone.mha,7,1142.0,47
colon_0757-prone.mha,1,290161.0,540
colon_0757-prone.mha,2,49785.0,140
colon_0757-prone.mha,3,344992.0,637
colon_0757-prone.mha,4,116182.0,344
colon_0757-prone.mha,5,5001.0,100
colon_0196-supine.mha,1,391955.0,936
colon_0196-supine.mha,2,187057.0,1918
colon_0196-supine.mha,3,1097409.0,3613
colon_0560-prone.mha,1,2031923.0,6601
colon_0656-prone.mha,1,1254983.0,2272
colon_0517-prone.mha,1,1386779.0,2622
colon_0314-prone.mha,1,64536.0,183
colon_0314-prone.mha,2,13177.0,107
colon_0314-prone.mha,3,302521.0,1147
colon_0314-prone.mha,4,711254.0,2860
colon_0314-prone.mha,5,34452.0,148
colon_0314-prone.mha,6,7154.0,19
colon_0244-supine.mha,1,245990.0,1018
colon_0244-supine.mha,2,4242.0,69
colon_0244-supine.mha,3,4170.0,67
colon_0244-supine.mha,4,1507138.0,2312
colon_0244-supine.mha,5,1356.0,19
colon_0335-prone.mha,1,1445694.0,3747
colon_0686-prone.mha,1,1799502.0,2815
colon_0066-supine.mha,1,2416238.0,4225
colon_0289-supine.mha,1,102643.0,461
colon_0289-supine.mha,2,1371734.0,1634
colon_0289-supine.mha,3,33864.0,296
colon_0261-supine.mha,1,1697356.0,2992
colon_0078-supine.mha,1,2083800.0,5047
colon_0599-prone.mha,1,2097738.0,3886
colon_0552-prone.mha,1,2543616.0,5854
colon_0792-prone.mha,1,255658.0,311
colon_0792-prone.mha,2,33889.0,428
colon_0792-prone.mha,3,1396927.0,2698
colon_0440-prone.mha,1,954938.0,5839
colon_0555-supine.mha,1,1918930.0,2811
colon_0258-prone.mha,1,218093.0,2198
colon_0258-prone.mha,2,928060.0,3001
colon_0281-supine.mha,1,179231.0,1670
colon_0281-supine.mha,2,4890.0,58
colon_0281-supine.mha,3,514172.0,1518
colon_0281-supine.mha,4,56295.0,457
colon_0281-supine.mha,5,771942.0,461
colon_0009-supine.mha,1,1466459.0,1828
colon_0370-prone.mha,1,214061.0,242
colon_0370-prone.mha,2,39294.0,109
colon_0370-prone.mha,3,34015.0,107
colon_0370-prone.mha,4,6891.0,23
colon_0370-prone.mha,5,1060625.0,4008
colon_0370-prone.mha,6,688294.0,760
colon_0370-prone.mha,7,58934.0,162
colon_0370-prone.mha,8,5832.0,66
colon_0141-supine.mha,1,1349969.0,3975
colon_0514-supine.mha,1,62381.0,1101
colon_0514-supine.mha,2,41812.0,245
colon_0514-supine.mha,3,581717.0,1793
colon_0514-supine.mha,4,1043.0,16
colon_0685-supine.mha,1,89612.0,453
colon_0685-supine.mha,2,898157.0,21320
colon_0709-prone.mha,1,337633.0,584
colon_0709-prone.mha,2,781046.0,1585
colon_0106-supine.mha,1,1277318.0,2467
colon_0720-prone.mha,1,431423.0,4888
colon_0720-prone.mha,2,664549.0,1311
colon_0720-prone.mha,3,1352.0,57
colon_0720-prone.mha,4,3772.0,17
colon_0720-prone.mha,5,2532.0,102
colon_0720-prone.mha,6,1548.0,55
colon_0720-prone.mha,7,485728.0,676
colon_0723-prone.mha,1,1820449.0,3638
colon_0416-prone.mha,1,316387.0,863
colon_0416-prone.mha,2,93323.0,188
colon_0416-prone.mha,3,1167990.0,2569
colon_0696-prone.mha,1,1815735.0,3521
colon_0626-prone.mha,1,151818.0,135
colon_0626-prone.mha,2,63154.0,325
colon_0626-prone.mha,3,72816.0,212
colon_0626-prone.mha,4,34414.0,146
colon_0626-prone.mha,5,1562.0,10
colon_0626-prone.mha,6,6393.0,31
colon_0626-prone.mha,7,10814.0,49
colon_0626-prone.mha,8,60230.0,306
colon_0626-prone.mha,9,1805.0,0
colon_0626-prone.mha,10,70657.0,170
colon_0555-prone.mha,1,285825.0,2560
colon_0555-prone.mha,2,603646.0,750
colon_0555-prone.mha,3,938833.0,1876
colon_0015-prone.mha,1,1768238.0,3476
colon_0015-prone.mha,2,44975.0,93
colon_0265-prone.mha,1,1568145.0,3373
colon_0178-prone.mha,1,1812708.0,4811
colon_0331-supine.mha,1,96857.0,375
colon_0331-supine.mha,2,673443.0,1285
colon_0331-supine.mha,3,12324.0,160
colon_0331-supine.mha,4,49242.0,76
colon_0572-prone.mha,1,1786510.0,8734
colon_0211-supine.mha,1,1472549.0,6150
colon_0374-supine.mha,1,267411.0,458
colon_0374-supine.mha,2,30351.0,144
colon_0374-supine.mha,3,576119.0,959
colon_0374-supine.mha,4,24017.0,168
colon_0374-supine.mha,5,285460.0,920
colon_0812-prone.mha,1,152016.0,185
colon_0812-prone.mha,2,1493.0,30
colon_0812-prone.mha,3,6545.0,89
colon_0812-prone.mha,4,6078.0,44
colon_0812-prone.mha,5,1066.0,18
colon_0812-prone.mha,6,98486.0,253
colon_0812-prone.mha,7,1180.0,38
colon_0812-prone.mha,8,231226.0,1170
colon_0263-prone.mha,1,569760.0,12464
colon_0263-prone.mha,2,12664.0,104
colon_0263-prone.mha,3,6631.0,56
colon_0263-prone.mha,4,1629.0,276
colon_0263-prone.mha,5,2991.0,60
colon_0263-prone.mha,6,1688.0,47
colon_0263-prone.mha,7,12837.0,72
colon_0263-prone.mha,8,7459.0,66
colon_0263-prone.mha,9,76063.0,129
colon_0776-supine.mha,1,1976984.0,2785
colon_0776-supine.mha,2,17194.0,186
colon_0433-supine.mha,1,1795329.0,3072
colon_0777-supine.mha,1,93132.0,396
colon_0777-supine.mha,2,845979.0,1706
colon_0602-supine.mha,1,1855566.0,2823
colon_0089-prone.mha,1,426141.0,869
colon_0089-prone.mha,2,210181.0,651
colon_0089-prone.mha,3,2470.0,43
colon_0230-supine.mha,1,371374.0,1021
colon_0230-supine.mha,2,1264839.0,4375
colon_0230-supine.mha,3,171553.0,541
colon_0205-supine.mha,1,123597.0,438
colon_0205-supine.mha,2,2109177.0,8532
colon_0521-supine.mha,1,1759267.0,2243
colon_0100-prone.mha,1,524534.0,1118
colon_0100-prone.mha,2,1322055.0,5314
colon_0057-supine.mha,1,1740612.0,3839
colon_0442-supine.mha,1,1253142.0,2288
colon_0689-supine.mha,1,2488214.0,8388
colon_0758-prone.mha,1,308972.0,484
colon_0758-prone.mha,2,779435.0,1020
colon_0758-prone.mha,3,484290.0,617
colon_0397-supine.mha,1,265370.0,430
colon_0397-supine.mha,2,1496957.0,3676
colon_0397-supine.mha,3,4190.0,75
colon_0562-prone.mha,1,1421604.0,3897
colon_0478-supine.mha,1,310014.0,1471
colon_0478-supine.mha,2,94386.0,399
colon_0478-supine.mha,3,644169.0,1763
colon_0478-supine.mha,4,607307.0,3023
colon_0128-supine.mha,1,1796075.0,3491
colon_0761-supine.mha,1,2133081.0,4888
colon_0578-prone.mha,1,339836.0,5014
colon_0578-prone.mha,2,2899.0,153
colon_0578-prone.mha,3,17837.0,662
colon_0578-prone.mha,4,279336.0,1510
colon_0578-prone.mha,5,23366.0,108
colon_0578-prone.mha,6,159629.0,2026
colon_0578-prone.mha,7,7610.0,537
colon_0504-supine.mha,1,1813703.0,2668
colon_0018-prone.mha,1,598076.0,813
colon_0018-prone.mha,2,620895.0,734
colon_0018-prone.mha,3,87338.0,133
colon_0204-prone.mha,1,158244.0,504
colon_0204-prone.mha,2,375693.0,1057
colon_0204-prone.mha,3,191623.0,265
colon_0204-prone.mha,4,4864.0,6
colon_0204-prone.mha,5,1251.0,7
colon_0119-prone.mha,1,826403.0,2433
colon_0119-prone.mha,2,6084.0,50
colon_0119-prone.mha,3,259158.0,720
colon_0251-prone.mha,1,348411.0,4517
colon_0251-prone.mha,2,409610.0,1154
colon_0251-prone.mha,3,340982.0,655
colon_0275-prone.mha,1,1288301.0,3002
colon_0017-prone.mha,1,1528370.0,3449
colon_0083-prone.mha,1,1255217.0,1489
colon_0662-supine.mha,1,1400845.0,4135
colon_0662-supine.mha,2,85843.0,563
colon_0716-supine.mha,1,2079662.0,2756
colon_0032-prone.mha,1,1618889.0,3636
colon_0360-prone.mha,1,848541.0,2964
colon_0360-prone.mha,2,402091.0,2139
colon_0639-supine.mha,1,70644.0,315
colon_0639-supine.mha,2,74961.0,138
colon_0639-supine.mha,3,172290.0,300
colon_0639-supine.mha,4,593008.0,1199
colon_0544-prone.mha,1,679186.0,1273
colon_0544-prone.mha,2,293547.0,930
colon_0544-prone.mha,3,8253.0,44
colon_0395-prone.mha,1,1187423.0,3260
colon_0068-prone.mha,1,1408891.0,5456
colon_0568-supine.mha,1,2512370.0,3076
colon_0568-supine.mha,2,1077.0,71
colon_0340-prone.mha,1,2129694.0,2308
colon_0501-supine.mha,1,1499698.0,2265
colon_0278-prone.mha,1,332160.0,477
colon_0278-prone.mha,2,16507.0,161
colon_0278-prone.mha,3,114572.0,523
colon_0278-prone.mha,4,92700.0,413
colon_0278-prone.mha,5,3787.0,52
colon_0278-prone.mha,6,40604.0,254
colon_0278-prone.mha,7,2914.0,50
colon_0278-prone.mha,8,40879.0,463
colon_0401-supine.mha,1,209866.0,737
colon_0401-supine.mha,2,1272426.0,1395
colon_0401-supine.mha,3,35670.0,112
colon_0443-supine.mha,1,1381852.0,3236
colon_0142-supine.mha,1,2077749.0,3239
colon_0382-prone.mha,1,2282709.0,3498
colon_0280-supine.mha,1,1443077.0,2427
colon_0294-prone.mha,1,1425091.0,4869
colon_0531-supine.mha,1,85405.0,200
colon_0531-supine.mha,2,1034816.0,2126
colon_0531-supine.mha,3,348128.0,637
colon_0108-supine.mha,1,2225012.0,8581
colon_0152-supine.mha,1,1354354.0,1757
colon_0171-prone.mha,1,672138.0,2327
colon_0171-prone.mha,2,395459.0,701
colon_0030-prone.mha,1,699158.0,944
colon_0030-prone.mha,2,669110.0,2373
colon_0030-prone.mha,3,342949.0,1036
colon_0702-prone.mha,1,793318.0,5703
colon_0702-prone.mha,2,362437.0,800
colon_0634-supine.mha,1,1743267.0,4918
colon_0332-supine.mha,1,1715764.0,2120
colon_0184-prone.mha,1,171288.0,437
colon_0184-prone.mha,2,375716.0,869
colon_0184-prone.mha,3,411463.0,983
colon_0143-prone.mha,1,574894.0,1290
colon_0143-prone.mha,2,3430.0,30
colon_0143-prone.mha,3,9064.0,70
colon_0143-prone.mha,4,15814.0,214
colon_0143-prone.mha,5,62269.0,94
colon_0655-prone.mha,1,1414837.0,2011
colon_0507-prone.mha,1,1959463.0,6646
colon_0345-supine.mha,1,1809259.0,8325
colon_0372-supine.mha,1,1720706.0,3260
colon_0362-supine.mha,1,1466393.0,2327
colon_0597-prone.mha,1,260342.0,363
colon_0597-prone.mha,2,3556.0,35
colon_0597-prone.mha,3,532723.0,711
colon_0597-prone.mha,4,237744.0,459
colon_0051-supine.mha,1,2062386.0,2675
colon_0129-supine.mha,1,2169526.0,5208
colon_0271-supine.mha,1,1386652.0,3259
colon_0549-prone.mha,1,1621140.0,2180
colon_0817-supine.mha,1,381938.0,737
colon_0817-supine.mha,2,1394673.0,2744
colon_0398-prone.mha,1,844917.0,2158
colon_0398-prone.mha,2,71106.0,376
colon_0398-prone.mha,3,173649.0,1553
colon_0323-prone.mha,1,2354635.0,3333
colon_0364-prone.mha,1,1278353.0,3155
colon_0803-supine.mha,1,130362.0,595
colon_0803-supine.mha,2,137367.0,564
colon_0803-supine.mha,3,425046.0,1853
colon_0803-supine.mha,4,52418.0,399
colon_0803-supine.mha,5,127561.0,511
colon_0747-prone.mha,1,497707.0,526
colon_0747-prone.mha,2,2396158.0,5272
colon_0713-supine.mha,1,2003373.0,4282
colon_0487-prone.mha,1,1621763.0,4067
colon_0136-prone.mha,1,1140915.0,3480
colon_0071-supine.mha,1,2071440.0,2629
colon_0441-supine.mha,1,2838467.0,2085
colon_0719-supine.mha,1,2972875.0,3676
colon_0264-supine.mha,1,3788779.0,3988
colon_0556-prone.mha,1,1211241.0,2012
colon_0432-supine.mha,1,2231797.0,5304
colon_0661-prone.mha,1,1908850.0,3735
colon_0071-prone.mha,1,1984000.0,2571
colon_0285-supine.mha,1,1176927.0,4030
colon_0424-supine.mha,1,1305677.0,3600
colon_0754-supine.mha,1,1632444.0,2985
colon_0245-prone.mha,1,1647788.0,2148
colon_0742-supine.mha,1,1181468.0,3674
colon_0742-supine.mha,2,320615.0,521
colon_0469-supine.mha,1,69791.0,227
colon_0469-supine.mha,2,2453829.0,3332
colon_0756-supine.mha,1,325539.0,1990
colon_0756-supine.mha,2,277188.0,593
colon_0756-supine.mha,3,36237.0,110
colon_0756-supine.mha,4,7507.0,42
colon_0756-supine.mha,5,14931.0,111
colon_0756-supine.mha,6,112547.0,484
colon_0405-supine.mha,1,103616.0,376
colon_0405-supine.mha,2,1827638.0,2282
colon_0809-prone.mha,1,2488578.0,2955
colon_0328-prone.mha,1,2363887.0,2640
colon_0046-prone.mha,1,237013.0,513
colon_0046-prone.mha,2,18788.0,174
colon_0046-prone.mha,3,14241.0,103
colon_0046-prone.mha,4,172465.0,504
colon_0046-prone.mha,5,2330.0,20
colon_0046-prone.mha,6,194435.0,465
colon_0412-supine.mha,1,2415190.0,6104
colon_0750-prone.mha,1,1681000.0,2362
colon_0144-supine.mha,1,2773328.0,5899
colon_0633-prone.mha,1,1484667.0,3090
colon_0583-supine.mha,1,855283.0,3740
colon_0583-supine.mha,2,1585463.0,4078
colon_0538-prone.mha,1,356514.0,1262
colon_0538-prone.mha,2,392566.0,1571
colon_0538-prone.mha,3,16677.0,62
colon_0675-prone.mha,1,1421212.0,2339
colon_0520-supine.mha,1,371311.0,3403
colon_0520-supine.mha,2,1510889.0,1872
colon_0177-prone.mha,1,1948635.0,3522
colon_0301-prone.mha,1,316883.0,1266
colon_0301-prone.mha,2,573418.0,1869
colon_0001-prone.mha,1,416462.0,2255
colon_0001-prone.mha,2,4591.0,180
colon_0001-prone.mha,3,701312.0,778
colon_0001-prone.mha,4,352449.0,705
colon_0573-prone.mha,1,1467407.0,2911
colon_0812-supine.mha,1,164730.0,1204
colon_0812-supine.mha,2,1280.0,49
colon_0812-supine.mha,3,273122.0,514
colon_0812-supine.mha,4,1123.0,42
colon_0812-supine.mha,5,2071.0,52
colon_0812-supine.mha,6,1452.0,50
colon_0812-supine.mha,7,186734.0,842
colon_0812-supine.mha,8,1675.0,3
colon_0812-supine.mha,9,21639.0,151
colon_0180-supine.mha,1,51173.0,238
colon_0180-supine.mha,2,1657708.0,4730
colon_0282-prone.mha,1,1880907.0,2434
colon_0130-prone.mha,1,181303.0,256
colon_0130-prone.mha,2,821860.0,2829
colon_0648-prone.mha,1,392677.0,1293
colon_0648-prone.mha,2,867911.0,2323
colon_0648-prone.mha,3,60009.0,42
colon_0329-supine.mha,1,2734651.0,7770
colon_0779-prone.mha,1,951465.0,10401
colon_0779-prone.mha,2,1516.0,47
colon_0779-prone.mha,3,1618.0,30
colon_0779-prone.mha,4,256895.0,1590
colon_0410-prone.mha,1,2414127.0,4908
colon_0085-prone.mha,1,2571153.0,3204
colon_0302-supine.mha,1,106302.0,365
colon_0302-supine.mha,2,1340820.0,2153
colon_0302-supine.mha,3,10594.0,67
colon_0820-supine.mha,1,1755500.0,4890
colon_0731-supine.mha,1,2114244.0,2511
colon_0481-supine.mha,1,1781266.0,3506
colon_0565-prone.mha,1,423585.0,1127
colon_0565-prone.mha,2,845548.0,2819
colon_0792-supine.mha,1,335194.0,3236
colon_0792-supine.mha,2,55075.0,287
colon_0792-supine.mha,3,873693.0,2927
colon_0792-supine.mha,4,116794.0,341
colon_0413-prone.mha,1,1210590.0,3289
colon_0413-prone.mha,2,9458.0,67
colon_0518-supine.mha,1,2925585.0,2806
colon_0162-supine.mha,1,2514562.0,2854
colon_0110-prone.mha,1,444757.0,1129
colon_0110-prone.mha,2,355284.0,1211
colon_0110-prone.mha,3,15007.0,411
colon_0654-supine.mha,1,116979.0,360
colon_0654-supine.mha,2,711637.0,1734
colon_0654-supine.mha,3,4999.0,69
colon_0323-supine.mha,1,2160528.0,4012
colon_0002-prone.mha,1,266219.0,301
colon_0002-prone.mha,2,2223898.0,3741
colon_0444-supine.mha,1,2309.0,155
colon_0444-supine.mha,2,3355.0,282
colon_0444-supine.mha,3,1833198.0,3105
colon_0363-supine.mha,1,128680.0,429
colon_0363-supine.mha,2,46966.0,442
colon_0363-supine.mha,3,935463.0,3202
colon_0580-prone.mha,1,2484206.0,2587
colon_0695-supine.mha,1,1668797.0,6272
colon_0366-prone.mha,1,344051.0,698
colon_0366-prone.mha,2,21189.0,254
colon_0366-prone.mha,3,1636923.0,5230
colon_0366-prone.mha,4,146740.0,280
colon_0175-prone.mha,1,730431.0,1439
colon_0175-prone.mha,2,144780.0,466
colon_0175-prone.mha,3,1596.0,22
colon_0006-prone.mha,1,611961.0,1594
colon_0006-prone.mha,2,1514154.0,3038
colon_0127-supine.mha,1,1957479.0,3836
colon_0337-supine.mha,1,1493013.0,4304
colon_0729-prone.mha,1,570158.0,1797
colon_0729-prone.mha,2,1282960.0,2704
colon_0276-prone.mha,1,2019380.0,2740
colon_0181-prone.mha,1,202493.0,260
colon_0181-prone.mha,2,78894.0,207
colon_0181-prone.mha,3,8423.0,130
colon_0181-prone.mha,4,109463.0,167
colon_0181-prone.mha,5,615557.0,857
colon_0181-prone.mha,6,242559.0,268
colon_0181-prone.mha,7,1046.0,4
colon_0647-prone.mha,1,164664.0,3099
colon_0647-prone.mha,2,26903.0,123
colon_0647-prone.mha,3,217054.0,379
colon_0647-prone.mha,4,279937.0,560
colon_0641-prone.mha,1,829065.0,1468
colon_0745-supine.mha,1,157404.0,1144
colon_0745-supine.mha,2,842725.0,2038
colon_0677-supine.mha,1,2205973.0,4734
colon_0406-prone.mha,1,1247782.0,5213
colon_0100-supine.mha,1,2257188.0,10279
colon_0681-prone.mha,1,792740.0,4073
colon_0681-prone.mha,2,32823.0,113
colon_0590-supine.mha,1,2416749.0,2727
colon_0805-supine.mha,1,1671997.0,3468
colon_0805-supine.mha,2,455998.0,226
colon_0805-supine.mha,3,2230.0,79
colon_0541-prone.mha,1,1641175.0,4998
colon_0541-prone.mha,2,418961.0,512
colon_0719-prone.mha,1,2845547.0,2937
colon_0671-prone.mha,1,197416.0,898
colon_0671-prone.mha,2,25181.0,101
colon_0671-prone.mha,3,23713.0,90
colon_0671-prone.mha,4,612959.0,979
colon_0671-prone.mha,5,75061.0,270
colon_0382-supine.mha,1,2419542.0,3458
colon_0382-supine.mha,2,9652.0,333
colon_0466-supine.mha,1,1832161.0,3572
colon_0160-prone.mha,1,1965536.0,2685
colon_0341-supine.mha,1,89023.0,1106
colon_0341-supine.mha,2,929655.0,1696
colon_0341-supine.mha,3,82479.0,226
colon_0398-supine.mha,1,126736.0,708
colon_0398-supine.mha,2,1046506.0,1889
colon_0026-supine.mha,1,2092587.0,4536
colon_0249-supine.mha,1,298982.0,2612
colon_0249-supine.mha,2,2055951.0,1724
colon_0249-supine.mha,3,37249.0,160
colon_0249-supine.mha,4,6677.0,10
colon_0249-supine.mha,5,6517.0,15
colon_0063-supine.mha,1,927372.0,6661
colon_0060-supine.mha,1,1293923.0,2066
colon_0603-supine.mha,1,1632510.0,3869
colon_0698-prone.mha,1,1754504.0,2374
colon_0453-supine.mha,1,1671495.0,5687
colon_0802-prone.mha,1,304951.0,1136
colon_0802-prone.mha,2,1352134.0,2948
colon_0585-supine.mha,1,260129.0,534
colon_0585-supine.mha,2,1026374.0,2243
colon_0153-prone.mha,1,1209664.0,2159
colon_0448-supine.mha,1,1584929.0,1788
colon_0643-prone.mha,1,2313941.0,1942
colon_0107-prone.mha,1,1457415.0,2007
colon_0795-prone.mha,1,215763.0,533
colon_0795-prone.mha,2,5819.0,49
colon_0795-prone.mha,3,1174811.0,5451
colon_0426-prone.mha,1,1811151.0,3691
colon_0240-supine.mha,1,30051.0,143
colon_0240-supine.mha,2,463033.0,1314
colon_0240-supine.mha,3,1331395.0,8584
colon_0217-prone.mha,1,1661645.0,2421
colon_0285-prone.mha,1,1084393.0,3791
colon_0283-prone.mha,1,2058753.0,2896
colon_0429-supine.mha,1,138453.0,408
colon_0429-supine.mha,2,10129.0,218
colon_0429-supine.mha,3,757756.0,1775
colon_0383-prone.mha,1,1910859.0,2413
colon_0246-supine.mha,1,1941460.0,4204
colon_0397-prone.mha,1,1896042.0,4584
colon_0793-prone.mha,1,2048787.0,3193
colon_0449-prone.mha,1,1496361.0,2933
colon_0058-prone.mha,1,175315.0,316
colon_0058-prone.mha,2,7835.0,57
colon_0058-prone.mha,3,653918.0,1832
colon_0592-supine.mha,1,678358.0,3204
colon_0592-supine.mha,2,710379.0,2510
colon_0592-supine.mha,3,195833.0,260
colon_0260-supine.mha,1,1635752.0,2546
colon_0130-supine.mha,1,104519.0,233
colon_0130-supine.mha,2,1230248.0,2765
colon_0407-prone.mha,1,340801.0,3770
colon_0407-prone.mha,2,1258442.0,3062
colon_0594-prone.mha,1,1770911.0,3527
colon_0698-supine.mha,1,2124128.0,2593
colon_0603-prone.mha,1,1546085.0,4665
colon_0603-prone.mha,2,3745.0,22
colon_0133-supine.mha,1,704166.0,6217
colon_0133-supine.mha,2,38437.0,267
colon_0133-supine.mha,3,1484006.0,2585
colon_0133-supine.mha,4,1135091.0,14038
colon_0344-prone.mha,1,433809.0,4119
colon_0344-prone.mha,2,27496.0,135
colon_0344-prone.mha,3,246784.0,1350
colon_0511-prone.mha,1,1651633.0,3958
colon_0251-supine.mha,1,201178.0,531
colon_0251-supine.mha,2,897385.0,2726
colon_0045-prone.mha,1,1405612.0,8182
colon_0509-prone.mha,1,765886.0,3290
colon_0509-prone.mha,2,890173.0,1460
colon_0542-prone.mha,1,1299384.0,2689
colon_0688-supine.mha,1,138803.0,901
colon_0688-supine.mha,2,1687372.0,1923
colon_0447-supine.mha,1,425039.0,395
colon_0447-supine.mha,2,681445.0,2451
colon_0447-supine.mha,3,847512.0,2919
colon_0696-supine.mha,1,1977144.0,2788
colon_0819-supine.mha,1,2928498.0,3787
colon_0658-prone.mha,1,2668573.0,2960
colon_0194-prone.mha,1,752855.0,2655
colon_0194-prone.mha,2,25584.0,436
colon_0194-prone.mha,3,170236.0,466
colon_0412-prone.mha,1,2050246.0,4043
colon_0711-supine.mha,1,1548535.0,3663
colon_0270-prone.mha,1,1562296.0,3516
colon_0816-supine.mha,1,1033087.0,1234
colon_0816-supine.mha,2,1113785.0,2637
colon_0784-prone.mha,1,1717758.0,3266
colon_0297-supine.mha,1,1451486.0,5698
colon_0228-supine.mha,1,339839.0,499
colon_0228-supine.mha,2,2703574.0,2340
colon_0762-prone.mha,1,1668879.0,2986
colon_0640-supine.mha,1,2064798.0,7891
colon_0757-supine.mha,1,1173529.0,3985
colon_0241-supine.mha,1,362862.0,262
colon_0241-supine.mha,2,1884511.0,5076
colon_0241-supine.mha,3,14113.0,23
colon_0472-prone.mha,1,924183.0,5877
colon_0348-supine.mha,1,882174.0,2278
colon_0341-prone.mha,1,643983.0,1350
colon_0341-prone.mha,2,183637.0,692
colon_0726-prone.mha,1,1934990.0,1760
colon_0019-prone.mha,1,1752739.0,2522
colon_0609-prone.mha,1,1185115.0,2333
colon_0421-prone.mha,1,1730794.0,3379
colon_0811-prone.mha,1,2029034.0,2845
colon_0221-supine.mha,1,1924315.0,6948
colon_0267-prone.mha,1,1511614.0,2957
colon_0267-prone.mha,2,1759.0,74
colon_0079-prone.mha,1,67959.0,307
colon_0079-prone.mha,2,137457.0,121
colon_0079-prone.mha,3,11117.0,69
colon_0079-prone.mha,4,321496.0,259
colon_0079-prone.mha,5,196236.0,292
colon_0015-supine.mha,1,801076.0,727
colon_0015-supine.mha,2,1406044.0,3263
colon_0015-supine.mha,3,2105.0,13
colon_0561-supine.mha,1,1200255.0,1223
colon_0561-supine.mha,2,1951589.0,7053
colon_0279-supine.mha,1,1655603.0,4826
colon_0268-prone.mha,1,1431554.0,2034
colon_0061-prone.mha,1,1440872.0,2376
colon_0628-prone.mha,1,268626.0,1252
colon_0628-prone.mha,2,61762.0,75
colon_0628-prone.mha,3,332718.0,430
colon_0628-prone.mha,4,500291.0,892
colon_0475-prone.mha,1,978686.0,2241
colon_0156-prone.mha,1,1956195.0,8737
colon_0459-prone.mha,1,2030871.0,3075
colon_0242-prone.mha,1,1278753.0,2533
colon_0008-prone.mha,1,348923.0,501
colon_0008-prone.mha,2,1255563.0,5754
colon_0545-supine.mha,1,1736969.0,2901
colon_0273-supine.mha,1,1330372.0,2311
colon_0542-supine.mha,1,1256555.0,3632
colon_0461-prone.mha,1,1987786.0,2350
colon_0154-prone.mha,1,2323317.0,3676
colon_0085-supine.mha,1,845607.0,945
colon_0085-supine.mha,2,1998303.0,2656
colon_0085-supine.mha,3,1010.0,56
colon_0327-prone.mha,1,1296750.0,2251
colon_0578-supine.mha,1,112841.0,1082
colon_0578-supine.mha,2,703006.0,3846
colon_0578-supine.mha,3,3468.0,30
colon_0441-prone.mha,1,2572447.0,2099
colon_0286-prone.mha,1,2189049.0,3233
colon_0020-supine.mha,1,758356.0,2979
colon_0800-supine.mha,1,1717248.0,3581
colon_0172-supine.mha,1,1126455.0,1763
colon_0823-prone.mha,1,191447.0,742
colon_0823-prone.mha,2,12574.0,55
colon_0823-prone.mha,3,1681.0,29
colon_0823-prone.mha,4,362621.0,755
colon_0823-prone.mha,5,54048.0,280
colon_0244-prone.mha,1,633687.0,1449
colon_0244-prone.mha,2,57325.0,255
colon_0244-prone.mha,3,11076.0,72
colon_0244-prone.mha,4,651473.0,1467
colon_0176-prone.mha,1,168700.0,325
colon_0176-prone.mha,2,29960.0,177
colon_0176-prone.mha,3,162668.0,609
colon_0176-prone.mha,4,212202.0,3033
colon_0176-prone.mha,5,68543.0,195
colon_0176-prone.mha,6,165768.0,2019
colon_0550-prone.mha,1,444169.0,1789
colon_0550-prone.mha,2,1435318.0,2707
colon_0713-prone.mha,1,2005867.0,4279
colon_0773-prone.mha,1,390308.0,517
colon_0773-prone.mha,2,393241.0,1097
colon_0773-prone.mha,3,37970.0,155
colon_0773-prone.mha,4,22600.0,81
colon_0773-prone.mha,5,954512.0,5083
colon_0692-supine.mha,1,1163755.0,1590
colon_0004-supine.mha,1,1776469.0,7372
colon_0559-supine.mha,1,1964659.0,4365
colon_0037-prone.mha,1,1478560.0,4971
colon_0176-supine.mha,1,1143369.0,10926
colon_0666-prone.mha,1,1465860.0,3267
colon_0003-prone.mha,1,1960418.0,3169
colon_0190-supine.mha,1,2166076.0,8053
colon_0439-supine.mha,1,1754.0,122
colon_0439-supine.mha,2,654142.0,1803
colon_0439-supine.mha,3,596850.0,2492
colon_0439-supine.mha,4,523792.0,801
colon_0672-prone.mha,1,801878.0,1454
colon_0663-prone.mha,1,167402.0,364
colon_0663-prone.mha,2,961180.0,6208
colon_0102-prone.mha,1,139903.0,410
colon_0102-prone.mha,2,8660.0,67
colon_0102-prone.mha,3,4793.0,35
colon_0102-prone.mha,4,112681.0,527
colon_0102-prone.mha,5,14001.0,88
colon_0102-prone.mha,6,73571.0,177
colon_0102-prone.mha,7,2443.0,11
colon_0744-supine.mha,1,850740.0,2448
colon_0744-supine.mha,2,2121.0,20
colon_0172-prone.mha,1,1404342.0,1874
colon_0427-prone.mha,1,1883114.0,3769
colon_0137-supine.mha,1,1435516.0,3402
colon_0822-supine.mha,1,1365185.0,6456
colon_0289-prone.mha,1,1709242.0,2554
colon_0483-prone.mha,1,650649.0,1369
colon_0483-prone.mha,2,769131.0,2269
colon_0445-supine.mha,1,1667044.0,2799
colon_0464-supine.mha,1,1900289.0,1933
colon_0357-supine.mha,1,1803618.0,2999
colon_0342-prone.mha,1,226799.0,1257
colon_0342-prone.mha,2,66581.0,98
colon_0342-prone.mha,3,1672488.0,1551
colon_0377-prone.mha,1,256233.0,645
colon_0377-prone.mha,2,764913.0,2129
colon_0700-prone.mha,1,1795333.0,4242
colon_0785-prone.mha,1,1501371.0,2487
colon_0587-supine.mha,1,147604.0,584
colon_0587-supine.mha,2,1219137.0,1160
colon_0458-supine.mha,1,2764271.0,5821
colon_0144-prone.mha,1,2212024.0,5468
colon_0739-supine.mha,1,1916741.0,10408
colon_0663-supine.mha,1,230283.0,565
colon_0663-supine.mha,2,27882.0,158
colon_0663-supine.mha,3,1120240.0,7284
colon_0663-supine.mha,4,13352.0,107
colon_0663-supine.mha,5,1346.0,32
colon_0663-supine.mha,6,13726.0,77
colon_0694-prone.mha,1,254878.0,658
colon_0694-prone.mha,2,71868.0,192
colon_0694-prone.mha,3,516167.0,1387
colon_0694-prone.mha,4,323535.0,422
colon_0741-supine.mha,1,1691571.0,5758
colon_0491-prone.mha,1,904848.0,1357
colon_0491-prone.mha,2,661082.0,1148
colon_0040-prone.mha,1,532313.0,1211
colon_0040-prone.mha,2,416614.0,1355
colon_0782-supine.mha,1,152071.0,687
colon_0782-supine.mha,2,1175287.0,1570
colon_0168-prone.mha,1,1525991.0,4087
colon_0419-prone.mha,1,279635.0,675
colon_0419-prone.mha,2,1165142.0,3545
colon_0327-supine.mha,1,1267331.0,4973
colon_0063-prone.mha,1,1065847.0,6065
colon_0608-prone.mha,1,943430.0,2598
colon_0608-prone.mha,2,132904.0,743
colon_0337-prone.mha,1,1587147.0,4315
colon_0173-supine.mha,1,1920479.0,3626
colon_0796-prone.mha,1,247155.0,522
colon_0796-prone.mha,2,576620.0,2503
colon_0796-prone.mha,3,182926.0,300
colon_0064-prone.mha,1,199416.0,4394
colon_0064-prone.mha,2,446436.0,2914
colon_0064-prone.mha,3,1275380.0,5924
colon_0339-prone.mha,1,400444.0,577
colon_0339-prone.mha,2,1391818.0,1780
colon_0775-supine.mha,1,2621983.0,15056
colon_0586-prone.mha,1,169005.0,108
colon_0586-prone.mha,2,6336.0,14
colon_0586-prone.mha,3,392340.0,1485
colon_0586-prone.mha,4,457253.0,563
colon_0586-prone.mha,5,26363.0,186
colon_0600-prone.mha,1,297024.0,1753
colon_0600-prone.mha,2,1983975.0,1491
colon_0424-prone.mha,1,929811.0,3241
colon_0611-supine.mha,1,2112899.0,3271
colon_0054-prone.mha,1,122846.0,891
colon_0054-prone.mha,2,48631.0,211
colon_0054-prone.mha,3,189333.0,456
colon_0054-prone.mha,4,225472.0,640
colon_0145-supine.mha,1,1470240.0,4996
colon_0320-prone.mha,1,2952442.0,5121
colon_0780-supine.mha,1,3165832.0,5630
colon_0725-prone.mha,1,989999.0,1960
colon_0668-supine.mha,1,1365061.0,2888
colon_0250-supine.mha,1,2808775.0,4642
colon_0193-prone.mha,1,2191268.0,3411
colon_0192-supine.mha,1,2061585.0,7880
colon_0664-prone.mha,1,474602.0,1035
colon_0664-prone.mha,2,10308.0,71
colon_0664-prone.mha,3,1839681.0,2243
colon_0664-prone.mha,4,131701.0,1171
colon_0768-supine.mha,1,852876.0,1393
colon_0768-supine.mha,2,1949939.0,2598
colon_0818-prone.mha,1,277195.0,397
colon_0818-prone.mha,2,11253.0,817
colon_0818-prone.mha,3,817628.0,2540
colon_0728-prone.mha,1,2702277.0,3028
colon_0275-supine.mha,1,1390165.0,3434
colon_0081-prone.mha,1,251323.0,661
colon_0081-prone.mha,2,344802.0,559
colon_0081-prone.mha,3,119558.0,569
colon_0081-prone.mha,4,33533.0,117
colon_0784-supine.mha,1,1777917.0,4646
colon_0563-supine.mha,1,900761.0,3835
colon_0563-supine.mha,2,935702.0,357
colon_0563-supine.mha,3,3119.0,3
colon_0062-prone.mha,1,1663185.0,2667
colon_0062-prone.mha,2,29129.0,252
colon_0596-supine.mha,1,269975.0,911
colon_0596-supine.mha,2,12743.0,27
colon_0596-supine.mha,3,495703.0,1233
colon_0596-supine.mha,4,38656.0,301
colon_0460-prone.mha,1,178628.0,2186
colon_0460-prone.mha,2,1690071.0,5328
colon_0552-supine.mha,1,2679848.0,4429
colon_0043-prone.mha,1,2349368.0,4715
colon_0616-prone.mha,1,931904.0,1980
colon_0753-supine.mha,1,1703503.0,8286
colon_0413-supine.mha,1,1537964.0,2743
colon_0429-prone.mha,1,1013308.0,2633
colon_0802-supine.mha,1,2036906.0,3099
colon_0565-supine.mha,1,1493451.0,5368
colon_0665-supine.mha,1,1833962.0,2630
colon_0707-supine.mha,1,2376436.0,3774
colon_0481-prone.mha,1,1879769.0,2159
colon_0012-prone.mha,1,1771462.0,9730
colon_0049-supine.mha,1,68080.0,891
colon_0049-supine.mha,2,684562.0,2146
colon_0049-supine.mha,3,521710.0,809
colon_0207-prone.mha,1,255041.0,724
colon_0207-prone.mha,2,868728.0,2255
colon_0006-supine.mha,1,2263146.0,4473
colon_0791-prone.mha,1,1946105.0,4067
colon_0670-supine.mha,1,47595.0,217
colon_0670-supine.mha,2,2441242.0,4200
colon_0377-supine.mha,1,188736.0,1262
colon_0377-supine.mha,2,929849.0,1633
colon_0377-supine.mha,3,16750.0,202
colon_0523-supine.mha,1,1738311.0,8046
colon_0558-prone.mha,1,195447.0,2964
colon_0558-prone.mha,2,12920.0,73
colon_0558-prone.mha,3,329033.0,397
colon_0558-prone.mha,4,4585.0,26
colon_0558-prone.mha,5,330246.0,1285
colon_0563-prone.mha,1,904096.0,2709
colon_0074-supine.mha,1,1426845.0,4198
colon_0589-prone.mha,1,1323442.0,3131
colon_0344-supine.mha,1,208980.0,807
colon_0344-supine.mha,2,929495.0,3372
colon_0596-prone.mha,1,415991.0,1288
colon_0596-prone.mha,2,341436.0,1172
colon_0189-supine.mha,1,2240155.0,5146
colon_0259-prone.mha,1,1496267.0,3137
colon_0203-prone.mha,1,536386.0,5583
colon_0203-prone.mha,2,2060.0,27
colon_0203-prone.mha,3,13337.0,405
colon_0203-prone.mha,4,24881.0,118
colon_0203-prone.mha,5,249213.0,1538
colon_0203-prone.mha,6,99297.0,515
colon_0203-prone.mha,7,9658.0,59
colon_0353-supine.mha,1,2895220.0,2954
colon_0326-supine.mha,1,2467604.0,3646
colon_0807-prone.mha,1,1488246.0,6043
colon_0604-prone.mha,1,2161441.0,1923
colon_0132-prone.mha,1,2639032.0,7720
colon_0690-prone.mha,1,2171900.0,9887
colon_0479-prone.mha,1,1864337.0,8478
colon_0705-supine.mha,1,422229.0,1584
colon_0705-supine.mha,2,93957.0,299
colon_0705-supine.mha,3,1147.0,14
colon_0065-prone.mha,1,1829554.0,4981
colon_0740-prone.mha,1,298500.0,2123
colon_0740-prone.mha,2,614178.0,2792
colon_0740-prone.mha,3,4464.0,58
colon_0740-prone.mha,4,1617.0,107
colon_0336-supine.mha,1,1687114.0,4632
colon_0296-supine.mha,1,1201899.0,2253
colon_0096-supine.mha,1,1269765.0,1755
colon_0170-supine.mha,1,90939.0,482
colon_0170-supine.mha,2,93857.0,346
colon_0170-supine.mha,3,8508.0,99
colon_0170-supine.mha,4,488710.0,1218
colon_0170-supine.mha,5,112589.0,631
colon_0170-supine.mha,6,462835.0,796
colon_0737-prone.mha,1,340557.0,1090
colon_0737-prone.mha,2,972756.0,2120
colon_0167-prone.mha,1,321578.0,3410
colon_0167-prone.mha,2,175516.0,393
colon_0167-prone.mha,3,37878.0,90
colon_0167-prone.mha,4,909707.0,1756
colon_0453-prone.mha,1,1446954.0,5551
colon_0463-prone.mha,1,877649.0,3056
colon_0463-prone.mha,2,206798.0,1608
colon_0450-supine.mha,1,1931375.0,2636
colon_0134-prone.mha,1,3273766.0,3050
colon_0303-prone.mha,1,1711164.0,3455
colon_0120-prone.mha,1,1226148.0,1966
colon_0269-prone.mha,1,994095.0,2081
colon_0420-supine.mha,1,2134686.0,4099
colon_0146-supine.mha,1,1841164.0,7249
colon_0146-supine.mha,2,23897.0,104
colon_0629-prone.mha,1,1488754.0,8140
colon_0746-prone.mha,1,2061840.0,2754
colon_0218-supine.mha,1,2042433.0,2125
colon_0218-supine.mha,2,22289.0,217
colon_0573-supine.mha,1,1804591.0,3156
colon_0573-supine.mha,2,3798.0,73
colon_0573-supine.mha,3,17435.0,37
colon_0389-supine.mha,1,2148725.0,4333
colon_0268-supine.mha,1,1601771.0,3474
colon_0546-supine.mha,1,1189721.0,5856
colon_0115-supine.mha,1,1144164.0,1876
colon_0115-supine.mha,2,30278.0,32
colon_0733-supine.mha,1,149332.0,448
colon_0733-supine.mha,2,2599470.0,2967
colon_0020-prone.mha,1,360535.0,987
colon_0020-prone.mha,2,58179.0,308
colon_0020-prone.mha,3,8373.0,23
colon_0020-prone.mha,4,3308.0,29
colon_0020-prone.mha,5,16481.0,40
colon_0020-prone.mha,6,89224.0,562
colon_0020-prone.mha,7,4543.0,59
colon_0020-prone.mha,8,2893.0,48
colon_0020-prone.mha,9,41577.0,344
colon_0041-prone.mha,1,2225395.0,3870
colon_0411-supine.mha,1,1958216.0,2869
colon_0141-prone.mha,1,1165155.0,2519
colon_0641-supine.mha,1,797883.0,2268
colon_0365-prone.mha,1,124233.0,338
colon_0365-prone.mha,2,3062.0,63
colon_0365-prone.mha,3,12743.0,64
colon_0365-prone.mha,4,285008.0,1085
colon_0390-supine.mha,1,218374.0,830
colon_0390-supine.mha,2,1392601.0,15492
colon_0390-supine.mha,3,1305.0,4
colon_0616-supine.mha,1,842748.0,1683
colon_0363-prone.mha,1,277497.0,2036
colon_0363-prone.mha,2,4701.0,41
colon_0363-prone.mha,3,90265.0,606
colon_0363-prone.mha,4,347223.0,1150
colon_0363-prone.mha,5,349100.0,1601
colon_0699-prone.mha,1,1220532.0,2697
colon_0699-prone.mha,2,469503.0,955
colon_0164-prone.mha,1,394833.0,556
colon_0164-prone.mha,2,12960.0,58
colon_0164-prone.mha,3,344103.0,722
colon_0164-prone.mha,4,382824.0,809
colon_0209-supine.mha,1,1823962.0,5541
colon_0554-supine.mha,1,1761019.0,6849
colon_0188-prone.mha,1,283855.0,686
colon_0188-prone.mha,2,579481.0,1758
colon_0378-supine.mha,1,1814288.0,3005
colon_0325-supine.mha,1,1591669.0,3104
colon_0325-supine.mha,2,6852.0,562
colon_0759-prone.mha,1,430873.0,1672
colon_0759-prone.mha,2,400745.0,720
colon_0759-prone.mha,3,430323.0,1452
colon_0759-prone.mha,4,6768.0,150
colon_0637-prone.mha,1,3733600.0,9382
colon_0694-supine.mha,1,370658.0,1111
colon_0694-supine.mha,2,117832.0,250
colon_0694-supine.mha,3,152173.0,239
colon_0694-supine.mha,4,437409.0,626
colon_0694-supine.mha,5,124475.0,226
colon_0595-prone.mha,1,258144.0,2429
colon_0595-prone.mha,2,52535.0,165
colon_0595-prone.mha,3,17016.0,126
colon_0595-prone.mha,4,413268.0,581
colon_0595-prone.mha,5,243764.0,378
colon_0595-prone.mha,6,24069.0,82
colon_0793-supine.mha,1,2285879.0,3414
colon_0190-prone.mha,1,1917268.0,5279
colon_0658-supine.mha,1,2618606.0,2974
colon_0714-supine.mha,1,14801.0,133
colon_0714-supine.mha,2,1406707.0,3977
colon_0703-prone.mha,1,1386595.0,2243
colon_0050-prone.mha,1,185561.0,307
colon_0050-prone.mha,2,52324.0,94
colon_0050-prone.mha,3,592835.0,5981
colon_0050-prone.mha,4,621207.0,3602
colon_0050-prone.mha,5,37309.0,291
colon_0050-supine.mha,1,24628.0,209
colon_0050-supine.mha,2,161255.0,565
colon_0050-supine.mha,3,248221.0,355
colon_0050-supine.mha,4,399753.0,9663
colon_0050-supine.mha,5,1070792.0,11759
colon_0598-prone.mha,1,1772938.0,3641
colon_0306-prone.mha,1,1793421.0,5571
colon_0703-supine.mha,1,98902.0,510
colon_0703-supine.mha,2,963010.0,1708
colon_0628-supine.mha,1,1694203.0,2963
colon_0628-supine.mha,2,9987.0,691
colon_0352-supine.mha,1,1713101.0,4441
colon_0311-prone.mha,1,1032636.0,2144
colon_0621-prone.mha,1,714744.0,1748
colon_0621-prone.mha,2,33814.0,76
colon_0621-prone.mha,3,172668.0,1163
colon_0569-supine.mha,1,84940.0,452
colon_0569-supine.mha,2,1105563.0,2603
colon_0569-supine.mha,3,176577.0,385
colon_0569-supine.mha,4,10834.0,74
colon_0569-supine.mha,5,88634.0,77
colon_0569-supine.mha,6,8295.0,130
colon_0557-supine.mha,1,591535.0,2169
colon_0557-supine.mha,2,7158.0,77
colon_0557-supine.mha,3,1001044.0,2552
colon_0197-prone.mha,1,1707818.0,2849
colon_0530-supine.mha,1,233431.0,681
colon_0530-supine.mha,2,220094.0,415
colon_0530-supine.mha,3,1744.0,76
colon_0530-supine.mha,4,3178.0,6
colon_0530-supine.mha,5,9985.0,14
colon_0530-supine.mha,6,207880.0,586
colon_0530-supine.mha,7,211158.0,571
colon_0530-supine.mha,8,30040.0,341
colon_0551-supine.mha,1,413766.0,790
colon_0551-supine.mha,2,1281524.0,6388
colon_0551-supine.mha,3,3721.0,73
colon_0551-supine.mha,4,1165.0,24
colon_0502-supine.mha,1,1968722.0,2925
colon_0096-prone.mha,1,216987.0,540
colon_0096-prone.mha,2,1952.0,38
colon_0096-prone.mha,3,947907.0,1134
colon_0626-supine.mha,1,11715.0,138
colon_0626-supine.mha,2,29056.0,114
colon_0626-supine.mha,3,2507.0,28
colon_0626-supine.mha,4,22805.0,43
colon_0626-supine.mha,5,132929.0,272
colon_0626-supine.mha,6,8698.0,48
colon_0626-supine.mha,7,24057.0,125
colon_0626-supine.mha,8,66889.0,271
colon_0626-supine.mha,9,20678.0,71
colon_0626-supine.mha,10,3013.0,16
colon_0626-supine.mha,11,3281.0,19
colon_0626-supine.mha,12,9398.0,5
colon_0626-supine.mha,13,2261.0,24
colon_0626-supine.mha,14,4187.0,25
colon_0626-supine.mha,15,4988.0,50
colon_0626-supine.mha,16,3130.0,40
colon_0626-supine.mha,17,1793.0,26
colon_0626-supine.mha,18,4034.0,120
colon_0626-supine.mha,19,1014.0,1
colon_0626-supine.mha,20,4866.0,27
colon_0626-supine.mha,21,4010.0,26
colon_0626-supine.mha,22,32949.0,128
colon_0626-supine.mha,23,4326.0,38
colon_0626-supine.mha,24,2340.0,43
colon_0626-supine.mha,25,1563.0,35
colon_0159-prone.mha,1,2081976.0,3494
colon_0052-prone.mha,1,1056520.0,1727
colon_0290-prone.mha,1,233883.0,646
colon_0290-prone.mha,2,1617650.0,1595
colon_0531-prone.mha,1,231750.0,6197
colon_0531-prone.mha,2,415353.0,833
colon_0531-prone.mha,3,12565.0,128
colon_0531-prone.mha,4,486340.0,1192
colon_0531-prone.mha,5,9531.0,218
colon_0774-supine.mha,1,1357343.0,3505
colon_0113-supine.mha,1,3093446.0,3652
colon_0460-supine.mha,1,1912680.0,7086
colon_0471-supine.mha,1,2919293.0,5941
colon_0086-prone.mha,1,2163143.0,3580
colon_0086-prone.mha,2,919185.0,1130
colon_0086-prone.mha,3,3791.0,41
colon_0086-prone.mha,4,6834.0,63
colon_0184-supine.mha,1,46455.0,273
colon_0184-supine.mha,2,1343658.0,1830
colon_0439-prone.mha,1,708477.0,997
colon_0439-prone.mha,2,335113.0,944
colon_0439-prone.mha,3,9122.0,12
colon_0439-prone.mha,4,334753.0,669
colon_0439-prone.mha,5,1329.0,34
colon_0484-prone.mha,1,700727.0,2088
colon_0484-prone.mha,2,356342.0,1254
colon_0605-supine.mha,1,3263628.0,4627
colon_0486-prone.mha,1,1880407.0,4628
colon_0776-prone.mha,1,1676402.0,2500
colon_0011-supine.mha,1,469599.0,1003
colon_0011-supine.mha,2,798393.0,1660
colon_0086-supine.mha,1,3177176.0,4281
colon_0490-prone.mha,1,1851908.0,3008
colon_0355-supine.mha,1,58560.0,976
colon_0355-supine.mha,2,46189.0,199
colon_0355-supine.mha,3,688405.0,1871
colon_0355-supine.mha,4,2411.0,18
colon_0355-supine.mha,5,1450.0,16
colon_0355-supine.mha,6,227139.0,507
colon_0519-supine.mha,1,2492905.0,11136
colon_0392-supine.mha,1,1002250.0,6526
colon_0351-prone.mha,1,1373852.0,2820
colon_0338-supine.mha,1,1539003.0,2490
colon_0575-prone.mha,1,66036.0,2126
colon_0575-prone.mha,2,124602.0,595
colon_0575-prone.mha,3,1672.0,11
colon_0575-prone.mha,4,193691.0,2354
colon_0575-prone.mha,5,73464.0,490
colon_0575-prone.mha,6,151497.0,466
colon_0386-supine.mha,1,2331260.0,6050
colon_0267-supine.mha,1,182066.0,900
colon_0267-supine.mha,2,458635.0,1481
colon_0267-supine.mha,3,58532.0,337
colon_0267-supine.mha,4,167769.0,291
colon_0267-supine.mha,5,6529.0,63
colon_0267-supine.mha,6,163903.0,1578
colon_0267-supine.mha,7,7400.0,104
colon_0515-supine.mha,1,167483.0,2005
colon_0515-supine.mha,2,37919.0,580
colon_0515-supine.mha,3,1293.0,39
colon_0515-supine.mha,4,647496.0,1834
colon_0159-supine.mha,1,2276743.0,3642
colon_0036-prone.mha,1,2293.0,46
colon_0036-prone.mha,2,6138.0,136
colon_0036-prone.mha,3,1550.0,6
colon_0036-prone.mha,4,10518.0,45
colon_0036-prone.mha,5,1129415.0,2760
colon_0036-prone.mha,6,27739.0,54
colon_0036-prone.mha,7,10429.0,21
colon_0036-prone.mha,8,28290.0,58
colon_0036-prone.mha,9,312914.0,840
colon_0036-prone.mha,10,1231.0,27
colon_0036-prone.mha,11,1672.0,8
colon_0613-prone.mha,1,164155.0,1219
colon_0613-prone.mha,2,6631.0,226
colon_0613-prone.mha,3,369281.0,751
colon_0613-prone.mha,4,249199.0,750
colon_0219-prone.mha,1,1416498.0,2133
colon_0536-supine.mha,1,1817308.0,2444
colon_0476-prone.mha,1,328188.0,691
colon_0476-prone.mha,2,1236792.0,1789
colon_0428-supine.mha,1,458445.0,582
colon_0428-supine.mha,2,1333245.0,3656
colon_0428-supine.mha,3,1129.0,25
colon_0556-supine.mha,1,347636.0,764
colon_0556-supine.mha,2,812951.0,1474
colon_0120-supine.mha,1,1468150.0,3742
colon_0120-supine.mha,2,5938.0,203
colon_0039-supine.mha,1,1195772.0,4033
colon_0779-supine.mha,1,362056.0,5093
colon_0779-supine.mha,2,1334354.0,3453
colon_0779-supine.mha,3,1058.0,78
colon_0779-supine.mha,4,1329.0,22
colon_0437-prone.mha,1,576141.0,5458
colon_0437-prone.mha,2,390855.0,485
colon_0437-prone.mha,3,2015.0,55
colon_0437-prone.mha,4,3269.0,25
colon_0756-prone.mha,1,273833.0,4858
colon_0756-prone.mha,2,37732.0,267
colon_0756-prone.mha,3,239314.0,452
colon_0756-prone.mha,4,12282.0,76
colon_0756-prone.mha,5,50642.0,172
colon_0756-prone.mha,6,47005.0,154
colon_0756-prone.mha,7,20275.0,62
colon_0287-prone.mha,1,313176.0,777
colon_0287-prone.mha,2,1178.0,0
colon_0287-prone.mha,3,8697.0,156
colon_0287-prone.mha,4,364911.0,500
colon_0287-prone.mha,5,188888.0,370
colon_0287-prone.mha,6,18596.0,40
colon_0232-prone.mha,1,227677.0,363
colon_0232-prone.mha,2,21057.0,66
colon_0232-prone.mha,3,29186.0,66
colon_0232-prone.mha,4,1836.0,77
colon_0232-prone.mha,5,464107.0,478
colon_0232-prone.mha,6,652964.0,2945
colon_0232-prone.mha,7,5400.0,41
colon_0278-supine.mha,1,234061.0,1526
colon_0278-supine.mha,2,141975.0,912
colon_0278-supine.mha,3,400026.0,1779
colon_0009-prone.mha,1,151538.0,315
colon_0009-prone.mha,2,10327.0,58
colon_0009-prone.mha,3,1645.0,29
colon_0009-prone.mha,4,947180.0,1170
colon_0564-prone.mha,1,2579884.0,2459
colon_0458-prone.mha,1,2771692.0,2209
colon_0113-prone.mha,1,3467251.0,7520
colon_0467-supine.mha,1,3062010.0,7986
colon_0771-prone.mha,1,2779349.0,5294
colon_0727-prone.mha,1,1563268.0,3872
colon_0787-prone.mha,1,153042.0,413
colon_0787-prone.mha,2,1228184.0,2955
colon_0787-prone.mha,3,12592.0,303
colon_0787-prone.mha,4,19483.0,81
colon_0014-prone.mha,1,465885.0,1154
colon_0014-prone.mha,2,222743.0,846
colon_0014-prone.mha,3,213262.0,500
colon_0014-prone.mha,4,5091.0,75
colon_0014-prone.mha,5,1115.0,32
colon_0014-prone.mha,6,193445.0,141
colon_0764-prone.mha,1,963070.0,2789
colon_0169-supine.mha,1,79942.0,767
colon_0169-supine.mha,2,2591418.0,4059
colon_0169-supine.mha,3,5151.0,171
colon_0169-supine.mha,4,1080.0,18
colon_0169-supine.mha,5,12535.0,217
colon_0254-supine.mha,1,1713835.0,2713
colon_0319-prone.mha,1,1505804.0,3000
colon_0402-prone.mha,1,1931180.0,4382
colon_0738-supine.mha,1,35194.0,136
colon_0738-supine.mha,2,232324.0,820
colon_0738-supine.mha,3,38090.0,160
colon_0738-supine.mha,4,4957.0,66
colon_0738-supine.mha,5,6464.0,74
colon_0738-supine.mha,6,1794.0,70
colon_0738-supine.mha,7,60974.0,310
colon_0738-supine.mha,8,65055.0,346
colon_0738-supine.mha,9,82881.0,401
colon_0738-supine.mha,10,18728.0,64
colon_0500-prone.mha,1,528865.0,1939
colon_0500-prone.mha,2,550239.0,1142
colon_0500-prone.mha,3,599214.0,986
colon_0018-supine.mha,1,1628188.0,1845
colon_0638-supine.mha,1,2277036.0,4421
colon_0106-prone.mha,1,994203.0,1995
colon_0059-supine.mha,1,1260445.0,2798
colon_0642-supine.mha,1,369564.0,2845
colon_0642-supine.mha,2,1773893.0,2017
colon_0642-supine.mha,3,1027.0,85
colon_0642-supine.mha,4,119921.0,819
colon_0388-supine.mha,1,2081479.0,3388
colon_0789-supine.mha,1,2007361.0,2558
colon_0185-supine.mha,1,667633.0,1832
colon_0488-prone.mha,1,2019151.0,4983
colon_0594-supine.mha,1,211492.0,1412
colon_0594-supine.mha,2,1609585.0,2186
colon_0316-supine.mha,1,1772083.0,3428
colon_0207-supine.mha,1,1463868.0,2982
colon_0208-prone.mha,1,1411617.0,2244
colon_0080-supine.mha,1,264757.0,3383
colon_0080-supine.mha,2,1719.0,50
colon_0080-supine.mha,3,1931.0,42
colon_0080-supine.mha,4,2455.0,53
colon_0080-supine.mha,5,1383.0,19
colon_0080-supine.mha,6,3853.0,142
colon_0080-supine.mha,7,1410285.0,3088
colon_0080-supine.mha,8,1524.0,49
colon_0699-supine.mha,1,1894442.0,3033
colon_0112-supine.mha,1,2068558.0,5412
colon_0387-prone.mha,1,1538158.0,2712
colon_0307-supine.mha,1,276715.0,1075
colon_0307-supine.mha,2,1502087.0,3876
colon_0410-supine.mha,1,2868580.0,3563
colon_0155-supine.mha,1,1807582.0,4872
colon_0297-prone.mha,1,1276677.0,3345
colon_0131-supine.mha,1,1451849.0,2740
colon_0477-supine.mha,1,196421.0,405
colon_0477-supine.mha,2,1414266.0,2809
colon_0769-supine.mha,1,2618605.0,4854
colon_0514-prone.mha,1,282350.0,763
colon_0514-prone.mha,2,640507.0,2129
colon_0423-supine.mha,1,249833.0,1845
colon_0423-supine.mha,2,157957.0,890
colon_0423-supine.mha,3,255016.0,706
colon_0423-supine.mha,4,4634.0,91
colon_0657-prone.mha,1,1861416.0,3022
colon_0252-prone.mha,1,1855020.0,2320
colon_0728-supine.mha,1,3407767.0,2931
colon_0404-prone.mha,1,1726608.0,3752
colon_0497-supine.mha,1,659230.0,1266
colon_0497-supine.mha,2,943588.0,5138
colon_0497-supine.mha,3,168715.0,1389
colon_0823-supine.mha,1,300949.0,1714
colon_0823-supine.mha,2,413878.0,1247
colon_0092-supine.mha,1,1811734.0,2537
colon_0427-supine.mha,1,2096345.0,4007
colon_0067-prone.mha,1,82049.0,389
colon_0067-prone.mha,2,46559.0,289
colon_0067-prone.mha,3,5880.0,34
colon_0067-prone.mha,4,347906.0,3424
colon_0067-prone.mha,5,5685.0,26
colon_0067-prone.mha,6,44263.0,177
colon_0067-prone.mha,7,279999.0,1961
colon_0147-supine.mha,1,1911148.0,4946
colon_0712-prone.mha,1,1404686.0,3043
colon_0511-supine.mha,1,1513272.0,3195
colon_0572-supine.mha,1,475415.0,830
colon_0572-supine.mha,2,1843083.0,4232
colon_0571-prone.mha,1,2955732.0,7673
colon_0451-supine.mha,1,1308447.0,3446
colon_0037-supine.mha,1,1431017.0,4369
colon_0815-prone.mha,1,3100167.0,3594
colon_0286-supine.mha,1,2648986.0,3674
colon_0491-supine.mha,1,853924.0,1237
colon_0491-supine.mha,2,999809.0,1100
colon_0007-prone.mha,1,1757345.0,3597
colon_0554-prone.mha,1,228658.0,1996
colon_0554-prone.mha,2,1168299.0,2622
colon_0554-prone.mha,3,1271.0,9
colon_0680-supine.mha,1,4062338.0,11382
colon_0669-prone.mha,1,1990222.0,2636
colon_0729-supine.mha,1,2465313.0,8669
colon_0729-supine.mha,2,14673.0,60
colon_0400-prone.mha,1,2771624.0,4134
colon_0125-prone.mha,1,365192.0,1981
colon_0125-prone.mha,2,1491523.0,2464
colon_0718-prone.mha,1,2737776.0,2829
colon_0414-supine.mha,1,1305267.0,5539
colon_0725-supine.mha,1,942896.0,2104
colon_0087-supine.mha,1,1794232.0,3286
colon_0175-supine.mha,1,135444.0,360
colon_0175-supine.mha,2,24117.0,272
colon_0175-supine.mha,3,1638.0,9
colon_0175-supine.mha,4,640228.0,2437
colon_0175-supine.mha,5,1261.0,33
colon_0369-supine.mha,1,435630.0,743
colon_0369-supine.mha,2,1052786.0,2979
colon_0369-supine.mha,3,60857.0,701
colon_0150-prone.mha,1,164522.0,528
colon_0150-prone.mha,2,1998.0,45
colon_0150-prone.mha,3,326560.0,2851
colon_0150-prone.mha,4,185421.0,415
colon_0150-prone.mha,5,8360.0,107
colon_0150-prone.mha,6,3879.0,87
colon_0150-prone.mha,7,3914.0,16
colon_0342-supine.mha,1,1993944.0,3736
colon_0187-prone.mha,1,1326621.0,2987
colon_0420-prone.mha,1,381121.0,1240
colon_0420-prone.mha,2,451695.0,653
colon_0420-prone.mha,3,785711.0,1459
colon_0031-prone.mha,1,2073882.0,1940
colon_0012-supine.mha,1,1821587.0,5040
colon_0044-supine.mha,1,1105.0,24
colon_0044-supine.mha,2,1744278.0,2447
colon_0044-supine.mha,3,1586.0,8
colon_0044-supine.mha,4,3704.0,24
colon_0044-supine.mha,5,1333.0,21
colon_0044-supine.mha,6,91622.0,82
colon_0044-supine.mha,7,2358.0,10
colon_0044-supine.mha,8,4863.0,21
colon_0044-supine.mha,9,25126.0,48
colon_0044-supine.mha,10,109980.0,226
colon_0660-supine.mha,1,851361.0,2222
colon_0660-supine.mha,2,2547.0,121
colon_0660-supine.mha,3,1638.0,16
colon_0731-prone.mha,1,1929146.0,4324
colon_0094-prone.mha,1,254894.0,394
colon_0094-prone.mha,2,1943323.0,4321
colon_0679-supine.mha,1,182176.0,1531
colon_0679-supine.mha,2,313606.0,1192
colon_0679-supine.mha,3,11886.0,28
colon_0522-prone.mha,1,1666915.0,2922
colon_0587-prone.mha,1,1272757.0,1767
colon_0587-prone.mha,2,1292.0,83
colon_0627-prone.mha,1,2405039.0,3466
colon_0072-supine.mha,1,2492093.0,6481
colon_0651-prone.mha,1,1556303.0,2455
colon_0751-supine.mha,1,1441779.0,2632
colon_0623-supine.mha,1,1663492.0,2114
colon_0135-prone.mha,1,2325533.0,5086
colon_0026-prone.mha,1,1423515.0,2696
colon_0734-supine.mha,1,61564.0,333
colon_0734-supine.mha,2,1019661.0,1979
colon_0734-supine.mha,3,103501.0,321
colon_0200-supine.mha,1,1683392.0,3125
colon_0472-supine.mha,1,1259102.0,4330
colon_0295-prone.mha,1,990929.0,1609
colon_0295-prone.mha,2,703572.0,2506
colon_0058-supine.mha,1,72445.0,304
colon_0058-supine.mha,2,13409.0,104
colon_0058-supine.mha,3,4710.0,182
colon_0058-supine.mha,4,462285.0,1017
colon_0058-supine.mha,5,46413.0,194
colon_0695-prone.mha,1,210869.0,324
colon_0695-prone.mha,2,16604.0,105
colon_0695-prone.mha,3,621940.0,6777
colon_0695-prone.mha,4,55091.0,180
colon_0695-prone.mha,5,10096.0,24
colon_0451-prone.mha,1,1188693.0,4028
colon_0073-prone.mha,1,360243.0,745
colon_0073-prone.mha,2,1260899.0,3809
colon_0304-supine.mha,1,1443711.0,2673
colon_0277-prone.mha,1,586371.0,4559
colon_0277-prone.mha,2,9601.0,207
colon_0277-prone.mha,3,7328.0,156
colon_0277-prone.mha,4,17692.0,60
colon_0277-prone.mha,5,42790.0,349
colon_0277-prone.mha,6,1035.0,6
colon_0474-prone.mha,1,1547931.0,3295
colon_0305-prone.mha,1,1695632.0,3048
colon_0580-supine.mha,1,2250483.0,2776
colon_0031-supine.mha,1,2375244.0,2062
colon_0482-prone.mha,1,424607.0,720
colon_0482-prone.mha,2,164328.0,426
colon_0482-prone.mha,3,145934.0,288
colon_0482-prone.mha,4,303858.0,480
colon_0482-prone.mha,5,7428.0,35
colon_0625-prone.mha,1,473718.0,1775
colon_0625-prone.mha,2,107890.0,287
colon_0625-prone.mha,3,6533.0,68
colon_0625-prone.mha,4,296315.0,442
colon_0625-prone.mha,5,415484.0,1239
colon_0625-prone.mha,6,320918.0,920
colon_0601-prone.mha,1,2484217.0,2970
colon_0495-prone.mha,1,458111.0,488
colon_0495-prone.mha,2,425708.0,1119
colon_0495-prone.mha,3,55323.0,427
colon_0495-prone.mha,4,53075.0,395
colon_0495-prone.mha,5,4083.0,39
colon_0495-prone.mha,6,27343.0,233
colon_0495-prone.mha,7,267896.0,1058
colon_0495-prone.mha,8,3737.0,21
colon_0589-supine.mha,1,1521649.0,2715
colon_0239-supine.mha,1,1118905.0,2279
colon_0450-prone.mha,1,1223263.0,6105
colon_0317-supine.mha,1,64112.0,384
colon_0317-supine.mha,2,1831338.0,2893
colon_0317-supine.mha,3,10450.0,157
colon_0016-supine.mha,1,1748970.0,4341
colon_0366-supine.mha,1,674733.0,1312
colon_0366-supine.mha,2,1766963.0,2842
colon_0366-supine.mha,3,17772.0,143
colon_0321-supine.mha,1,855741.0,2673
colon_0321-supine.mha,2,2385.0,102
colon_0321-supine.mha,3,4832.0,65
colon_0538-supine.mha,1,505690.0,3121
colon_0538-supine.mha,2,411550.0,2454
colon_0538-supine.mha,3,3047.0,0
colon_0764-supine.mha,1,124390.0,545
colon_0764-supine.mha,2,1142382.0,2411
colon_0727-supine.mha,1,1831246.0,3524
colon_0532-prone.mha,1,640694.0,1720
colon_0532-prone.mha,2,250457.0,444
colon_0532-prone.mha,3,11629.0,87
colon_0588-supine.mha,1,1075582.0,4953
colon_0315-supine.mha,1,3172.0,0
colon_0315-supine.mha,2,300733.0,1886
colon_0315-supine.mha,3,1114.0,7
colon_0315-supine.mha,4,1641491.0,1495
colon_0322-supine.mha,1,320858.0,377
colon_0322-supine.mha,2,1292370.0,2184
colon_0322-supine.mha,3,87717.0,549
colon_0017-supine.mha,1,1337127.0,3122
colon_0195-supine.mha,1,580910.0,2109
colon_0195-supine.mha,2,1240278.0,3835
colon_0631-prone.mha,1,1971590.0,5258
colon_0687-prone.mha,1,1031809.0,2536
colon_0438-prone.mha,1,2319033.0,3519
colon_0560-supine.mha,1,88198.0,284
colon_0560-supine.mha,2,2240445.0,1985
colon_0651-supine.mha,1,1248354.0,3463
colon_0197-supine.mha,1,292753.0,710
colon_0197-supine.mha,2,1147027.0,2395
colon_0222-prone.mha,1,369225.0,758
colon_0222-prone.mha,2,1677218.0,8655
colon_0034-supine.mha,1,4474444.0,9523
colon_0034-supine.mha,2,1367.0,24
colon_0593-supine.mha,1,85019.0,1129
colon_0593-supine.mha,2,1078186.0,2094
colon_0454-supine.mha,1,54186.0,208
colon_0454-supine.mha,2,1694394.0,3930
colon_0454-supine.mha,3,1502.0,10
colon_0674-prone.mha,1,1575763.0,3331
colon_0526-supine.mha,1,1912992.0,4054
colon_0714-prone.mha,1,1377022.0,3764
colon_0201-supine.mha,1,2599380.0,7065
colon_0527-supine.mha,1,1232485.0,2943
colon_0690-supine.mha,1,2086465.0,7574
colon_0187-supine.mha,1,956544.0,3309
colon_0291-prone.mha,1,1292189.0,3154
colon_0077-supine.mha,1,1709931.0,2783
colon_0495-supine.mha,1,2875830.0,16109
colon_0495-supine.mha,2,1294.0,129
colon_0109-supine.mha,1,97364.0,266
colon_0109-supine.mha,2,934149.0,2459
colon_0621-supine.mha,1,1614369.0,2670
colon_0114-supine.mha,1,73716.0,1090
colon_0114-supine.mha,2,214835.0,328
colon_0114-supine.mha,3,1200516.0,3944
colon_0313-supine.mha,1,2006685.0,5931
colon_0318-supine.mha,1,2611268.0,5299
colon_0346-supine.mha,1,1890092.0,2575
colon_0002-supine.mha,1,2840048.0,4564
colon_0224-prone.mha,1,1807643.0,4179
colon_0678-supine.mha,1,5135512.0,5697
colon_0678-supine.mha,2,18788.0,324
colon_0678-supine.mha,3,7522.0,23
colon_0678-supine.mha,4,1978.0,26
colon_0358-supine.mha,1,2293278.0,4648
colon_0224-supine.mha,1,1774366.0,2746
colon_0722-supine.mha,1,1404149.0,6242
colon_0045-supine.mha,1,295547.0,3174
colon_0045-supine.mha,2,1212655.0,4100
colon_0284-prone.mha,1,334798.0,417
colon_0284-prone.mha,2,1216090.0,1376
colon_0069-supine.mha,1,1852858.0,3040
colon_0783-prone.mha,1,2166622.0,2661
colon_0657-supine.mha,1,1925840.0,3902
colon_0644-supine.mha,1,343946.0,4141
colon_0644-supine.mha,2,1774084.0,3530
colon_0644-supine.mha,3,1187.0,46
colon_0105-prone.mha,1,1796836.0,4140
colon_0174-supine.mha,1,147361.0,322
colon_0174-supine.mha,2,1527309.0,2560
colon_0367-supine.mha,1,2800865.0,6770
colon_0367-supine.mha,2,2482.0,65
colon_0557-prone.mha,1,328370.0,686
colon_0557-prone.mha,2,64773.0,491
colon_0557-prone.mha,3,170356.0,612
colon_0557-prone.mha,4,36141.0,183
colon_0557-prone.mha,5,9545.0,43
colon_0557-prone.mha,6,358040.0,544
colon_0557-prone.mha,7,5864.0,73
colon_0737-supine.mha,1,44374.0,247
colon_0737-supine.mha,2,1178700.0,3450
colon_0507-supine.mha,1,2450719.0,3393
colon_0077-prone.mha,1,828238.0,1364
colon_0077-prone.mha,2,567335.0,2638
colon_0566-prone.mha,1,1763073.0,2316
colon_0331-prone.mha,1,158847.0,393
colon_0331-prone.mha,2,47101.0,580
colon_0331-prone.mha,3,1906.0,34
colon_0331-prone.mha,4,5624.0,170
colon_0331-prone.mha,5,212446.0,370
colon_0331-prone.mha,6,3069.0,251
colon_0331-prone.mha,7,10442.0,1005
colon_0331-prone.mha,8,9451.0,55
colon_0331-prone.mha,9,112999.0,217
colon_0331-prone.mha,10,65820.0,162
colon_0164-supine.mha,1,1105174.0,3328
colon_0508-prone.mha,1,59331.0,597
colon_0508-prone.mha,2,3554298.0,14633
colon_0220-prone.mha,1,2068434.0,3093
colon_0682-supine.mha,1,233956.0,1443
colon_0682-supine.mha,2,1162695.0,1934
colon_0084-supine.mha,1,159308.0,1963
colon_0084-supine.mha,2,914593.0,1500
colon_0389-prone.mha,1,570026.0,703
colon_0389-prone.mha,2,1357846.0,2446
colon_0376-prone.mha,1,1470254.0,2874
colon_0408-supine.mha,1,3323053.0,16794
colon_0365-supine.mha,1,73027.0,210
colon_0365-supine.mha,2,62311.0,339
colon_0365-supine.mha,3,40686.0,119
colon_0365-supine.mha,4,548233.0,965
colon_0509-supine.mha,1,916279.0,2664
colon_0509-supine.mha,2,697175.0,852
colon_0235-prone.mha,1,1797291.0,2261
colon_0463-supine.mha,1,995426.0,2609
colon_0025-prone.mha,1,450831.0,4113
colon_0025-prone.mha,2,175157.0,1170
colon_0025-prone.mha,3,1224166.0,2137
colon_0712-supine.mha,1,1102495.0,3488
colon_0787-supine.mha,1,97968.0,239
colon_0787-supine.mha,2,323179.0,427
colon_0787-supine.mha,3,40288.0,128
colon_0787-supine.mha,4,3003.0,3
colon_0787-supine.mha,5,44151.0,141
colon_0787-supine.mha,6,66432.0,122
colon_0787-supine.mha,7,469857.0,504
colon_0787-supine.mha,8,69647.0,74
colon_0230-prone.mha,1,177641.0,897
colon_0230-prone.mha,2,143837.0,418
colon_0230-prone.mha,3,883628.0,5921
colon_0230-prone.mha,4,99239.0,180
colon_0230-prone.mha,5,324025.0,848
colon_0230-prone.mha,6,2401.0,124
colon_0638-prone.mha,1,658524.0,3811
colon_0638-prone.mha,2,1027597.0,1460
colon_0299-prone.mha,1,1354487.0,2645
colon_0614-prone.mha,1,192121.0,401
colon_0614-prone.mha,2,3871.0,51
colon_0614-prone.mha,3,1101.0,22
colon_0614-prone.mha,4,266730.0,863
colon_0614-prone.mha,5,273822.0,3124
colon_0614-prone.mha,6,3269.0,67
colon_0614-prone.mha,7,14881.0,445
colon_0614-prone.mha,8,10234.0,710
colon_0614-prone.mha,9,13094.0,800
colon_0614-prone.mha,10,3656.0,215
colon_0229-supine.mha,1,916365.0,3569
colon_0229-supine.mha,2,1575.0,32
colon_0607-supine.mha,1,1399363.0,1877
colon_0211-prone.mha,1,263347.0,614
colon_0211-prone.mha,2,463303.0,2495
colon_0211-prone.mha,3,214162.0,447
colon_0211-prone.mha,4,117026.0,253
colon_0211-prone.mha,5,78933.0,241
colon_0211-prone.mha,6,3295.0,41
colon_0238-prone.mha,1,892720.0,1981
colon_0238-prone.mha,2,442081.0,856
colon_0654-prone.mha,1,157003.0,607
colon_0654-prone.mha,2,35858.0,173
colon_0654-prone.mha,3,69632.0,267
colon_0654-prone.mha,4,160025.0,745
colon_0654-prone.mha,5,1071.0,13
colon_0654-prone.mha,6,103401.0,965
colon_0178-supine.mha,1,1916217.0,8259
colon_0416-supine.mha,1,272384.0,2345
colon_0416-supine.mha,2,196331.0,560
colon_0416-supine.mha,3,1613.0,11
colon_0416-supine.mha,4,1325748.0,1266
colon_0416-supine.mha,5,129148.0,95
colon_0570-prone.mha,1,2829764.0,3916
colon_0581-prone.mha,1,3746512.0,4398
colon_0088-supine.mha,1,2119607.0,2332
colon_0169-prone.mha,1,458411.0,822
colon_0169-prone.mha,2,772917.0,1359
colon_0169-prone.mha,3,913875.0,1584
colon_0169-prone.mha,4,5600.0,408
colon_0169-prone.mha,5,3012.0,31
colon_0488-supine.mha,1,2706259.0,3243
colon_0488-supine.mha,2,1074.0,14
colon_0584-prone.mha,1,306561.0,240
colon_0584-prone.mha,2,1177464.0,2989
colon_0269-supine.mha,1,135012.0,1136
colon_0269-supine.mha,2,9127.0,191
colon_0269-supine.mha,3,92871.0,194
colon_0269-supine.mha,4,2847.0,23
colon_0269-supine.mha,5,14641.0,170
colon_0269-supine.mha,6,1289.0,27
colon_0269-supine.mha,7,1200.0,17
colon_0670-prone.mha,1,343694.0,829
colon_0670-prone.mha,2,827899.0,2015
colon_0670-prone.mha,3,822086.0,1000
colon_0138-prone.mha,1,2000024.0,2909
colon_0598-supine.mha,1,205273.0,879
colon_0598-supine.mha,2,1334423.0,2974
colon_0598-supine.mha,3,3396.0,68
colon_0717-prone.mha,1,1054008.0,3355
colon_0754-prone.mha,1,782783.0,1568
colon_0754-prone.mha,2,608650.0,1211
colon_0368-supine.mha,1,401484.0,1024
colon_0368-supine.mha,2,1177153.0,4923
colon_0368-supine.mha,3,91864.0,261
colon_0708-prone.mha,1,1223397.0,2093
colon_0093-prone.mha,1,812304.0,1737
colon_0093-prone.mha,2,440619.0,1085
colon_0721-prone.mha,1,320239.0,502
colon_0721-prone.mha,2,1108829.0,1562
colon_0153-supine.mha,1,279504.0,823
colon_0153-supine.mha,2,1107231.0,1202
colon_0024-supine.mha,1,1356737.0,4150
colon_0808-prone.mha,1,1281676.0,3062
colon_0490-supine.mha,1,2214301.0,5385
colon_0749-prone.mha,1,1688099.0,2956
colon_0548-supine.mha,1,379601.0,437
colon_0548-supine.mha,2,1181195.0,2313
colon_0326-prone.mha,1,2598585.0,3169
colon_0328-supine.mha,1,2687889.0,3200
colon_0245-supine.mha,1,1936675.0,1547
colon_0693-prone.mha,1,278786.0,710
colon_0693-prone.mha,2,372086.0,704
colon_0693-prone.mha,3,329161.0,513
colon_0483-supine.mha,1,1820024.0,3163
colon_0255-supine.mha,1,2044762.0,4799
colon_0300-supine.mha,1,1714643.0,2950
colon_0220-supine.mha,1,55608.0,297
colon_0220-supine.mha,2,1428904.0,3059
colon_0220-supine.mha,3,2334.0,10
colon_0653-supine.mha,1,133189.0,418
colon_0653-supine.mha,2,1420454.0,2738
colon_0477-prone.mha,1,1322116.0,2990
colon_0166-supine.mha,1,1298558.0,4597
colon_0795-supine.mha,1,1529953.0,5919
colon_0795-supine.mha,2,2526.0,80
colon_0747-supine.mha,1,3071934.0,10857
colon_0770-supine.mha,1,2373531.0,5340
colon_0770-supine.mha,2,5313.0,341
colon_0258-supine.mha,1,1055541.0,3912
colon_0258-supine.mha,2,1381.0,47
colon_0809-supine.mha,1,2547008.0,5537
colon_0149-prone.mha,1,457214.0,2631
colon_0149-prone.mha,2,1784841.0,2490
colon_0149-prone.mha,3,3696.0,192
colon_0233-supine.mha,1,647254.0,2145
colon_0233-supine.mha,2,774125.0,1995
colon_0649-prone.mha,1,2815085.0,4278
colon_0763-supine.mha,1,1390583.0,4221
colon_0121-prone.mha,1,1312571.0,2351
colon_0265-supine.mha,1,338913.0,447
colon_0265-supine.mha,2,1150306.0,2626
colon_0265-supine.mha,3,2304.0,39
colon_0265-supine.mha,4,6194.0,46
colon_0741-prone.mha,1,406590.0,2507
colon_0741-prone.mha,2,1283281.0,2201
colon_0824-supine.mha,1,2077781.0,2329
colon_0499-prone.mha,1,2363526.0,3904
colon_0564-supine.mha,1,2477448.0,5750
colon_0675-supine.mha,1,112700.0,246
colon_0675-supine.mha,2,140413.0,540
colon_0675-supine.mha,3,915578.0,1338
colon_0151-prone.mha,1,196574.0,405
colon_0151-prone.mha,2,236361.0,385
colon_0151-prone.mha,3,308086.0,815
colon_0151-prone.mha,4,369123.0,1458
colon_0151-prone.mha,5,62631.0,297
colon_0151-prone.mha,6,6125.0,30
colon_0151-prone.mha,7,4276.0,28
colon_0151-prone.mha,8,35246.0,79
colon_0151-prone.mha,9,2386.0,32
colon_0151-prone.mha,10,13747.0,39
colon_0151-prone.mha,11,1171.0,16
colon_0462-supine.mha,1,3014386.0,5625
colon_0257-prone.mha,1,1989282.0,3215
colon_0788-prone.mha,1,817743.0,1172
colon_0788-prone.mha,2,584975.0,1107
colon_0732-prone.mha,1,2057687.0,5662
colon_0705-prone.mha,1,190774.0,467
colon_0705-prone.mha,2,204116.0,495
colon_0705-prone.mha,3,81090.0,228
colon_0705-prone.mha,4,6490.0,214
colon_0705-prone.mha,5,4027.0,31
colon_0825-supine.mha,1,2394268.0,6451
colon_0409-supine.mha,1,1973291.0,7334
colon_0786-supine.mha,1,1318157.0,4101
colon_0051-prone.mha,1,1899213.0,4686
colon_0167-supine.mha,1,1583186.0,3364
colon_0248-supine.mha,1,203687.0,785
colon_0248-supine.mha,2,1273444.0,3688
colon_0359-supine.mha,1,2714290.0,2417
colon_0140-supine.mha,1,57480.0,154
colon_0140-supine.mha,2,1513623.0,1869
colon_0163-supine.mha,1,2269736.0,4891
colon_0325-prone.mha,1,58479.0,241
colon_0325-prone.mha,2,204966.0,274
colon_0325-prone.mha,3,35639.0,69
colon_0325-prone.mha,4,61118.0,160
colon_0325-prone.mha,5,217194.0,430
colon_0325-prone.mha,6,525499.0,970
colon_0279-prone.mha,1,755977.0,970
colon_0279-prone.mha,2,416520.0,708
colon_0279-prone.mha,3,29205.0,81
colon_0710-supine.mha,1,1137577.0,1908
colon_0500-supine.mha,1,2099178.0,3375
colon_0733-prone.mha,1,207547.0,523
colon_0733-prone.mha,2,78070.0,114
colon_0733-prone.mha,3,2159785.0,2430
colon_0733-prone.mha,4,26710.0,39
colon_0525-prone.mha,1,848973.0,4074
colon_0525-prone.mha,2,373843.0,1657
colon_0525-prone.mha,3,21950.0,164
colon_0524-prone.mha,1,154612.0,667
colon_0524-prone.mha,2,659347.0,4574
colon_0524-prone.mha,3,4435.0,96
colon_0661-supine.mha,1,2045874.0,3475
colon_0693-supine.mha,1,1381113.0,2429
colon_0168-supine.mha,1,1419278.0,4519
colon_0391-supine.mha,1,2490765.0,4642
colon_0391-supine.mha,2,18773.0,189
colon_0360-supine.mha,1,1573485.0,3503
colon_0186-prone.mha,1,252008.0,1296
colon_0186-prone.mha,2,39436.0,1806
colon_0186-prone.mha,3,79089.0,413
colon_0186-prone.mha,4,1098864.0,2546
colon_0186-prone.mha,5,608808.0,923
colon_0186-prone.mha,6,1038.0,5
colon_0195-prone.mha,1,362748.0,2014
colon_0195-prone.mha,2,134461.0,696
colon_0195-prone.mha,3,288291.0,1051
colon_0692-prone.mha,1,890536.0,1363
colon_0692-prone.mha,2,577288.0,697
colon_0445-prone.mha,1,1191491.0,3128
colon_0547-prone.mha,1,1539286.0,4691
colon_0775-prone.mha,1,2467077.0,9043
colon_0090-prone.mha,1,185625.0,806
colon_0090-prone.mha,2,1699717.0,1837
colon_0202-supine.mha,1,1594395.0,5456
colon_0704-prone.mha,1,2190541.0,2948
colon_0225-supine.mha,1,54626.0,182
colon_0225-supine.mha,2,62915.0,111
colon_0225-supine.mha,3,64592.0,443
colon_0225-supine.mha,4,503804.0,1393
colon_0225-supine.mha,5,161738.0,365
colon_0117-supine.mha,1,2020133.0,6451
colon_0117-supine.mha,2,2136.0,63
colon_0625-supine.mha,1,364417.0,979
colon_0625-supine.mha,2,1511086.0,3392
colon_0549-supine.mha,1,1835039.0,2184
colon_0060-prone.mha,1,1266270.0,2249
colon_0225-prone.mha,1,39864.0,1431
colon_0225-prone.mha,2,61219.0,94
colon_0225-prone.mha,3,5325.0,47
colon_0225-prone.mha,4,6107.0,140
colon_0225-prone.mha,5,189292.0,470
colon_0225-prone.mha,6,237840.0,404
colon_0225-prone.mha,7,7016.0,64
colon_0225-prone.mha,8,3635.0,219
colon_0798-prone.mha,1,2341125.0,2282
colon_0243-prone.mha,1,510267.0,1174
colon_0243-prone.mha,2,622519.0,1903
colon_0322-prone.mha,1,1780185.0,2684
colon_0617-supine.mha,1,2988888.0,5847
colon_0553-supine.mha,1,1868750.0,4071
colon_0229-prone.mha,1,1079437.0,3056
colon_0684-supine.mha,1,88355.0,403
colon_0684-supine.mha,2,12312.0,67
colon_0684-supine.mha,3,503776.0,1921
colon_0288-supine.mha,1,2067963.0,2483
colon_0646-prone.mha,1,1508631.0,3958
colon_0482-supine.mha,1,1440965.0,4738
colon_0482-supine.mha,2,15405.0,29
colon_0571-supine.mha,1,3137119.0,5869
colon_0571-supine.mha,2,1017.0,19
colon_0489-supine.mha,1,800991.0,6717
colon_0489-supine.mha,2,1817404.0,4204
colon_0489-supine.mha,3,154333.0,4097
colon_0786-prone.mha,1,1432992.0,4565
colon_0498-prone.mha,1,324097.0,367
colon_0498-prone.mha,2,36805.0,165
colon_0498-prone.mha,3,45652.0,164
colon_0498-prone.mha,4,335903.0,682
colon_0498-prone.mha,5,288680.0,727
colon_0735-prone.mha,1,257845.0,5142
colon_0735-prone.mha,2,546224.0,1340
colon_0735-prone.mha,3,214602.0,382
colon_0056-supine.mha,1,48509.0,259
colon_0056-supine.mha,2,516225.0,1037
colon_0056-supine.mha,3,31982.0,191
colon_0056-supine.mha,4,213901.0,1658
colon_0087-prone.mha,1,1625263.0,2940
colon_0697-prone.mha,1,1051691.0,4912
colon_0240-prone.mha,1,603529.0,658
colon_0240-prone.mha,2,22475.0,128
colon_0240-prone.mha,3,508975.0,1283
colon_0240-prone.mha,4,8811.0,80
colon_0240-prone.mha,5,258951.0,1684
colon_0600-supine.mha,1,2325103.0,2175
colon_0082-prone.mha,1,241820.0,575
colon_0082-prone.mha,2,593442.0,494
colon_0082-prone.mha,3,678399.0,824
colon_0282-supine.mha,1,2023801.0,6360
colon_0186-supine.mha,1,3003788.0,22536
colon_0186-supine.mha,2,31129.0,1005
colon_0264-prone.mha,1,3414086.0,3312
colon_0446-supine.mha,1,602459.0,829
colon_0446-supine.mha,2,560389.0,612
colon_0446-supine.mha,3,1969389.0,5802
colon_0446-supine.mha,4,1690.0,31
colon_0070-supine.mha,1,429244.0,790
colon_0070-supine.mha,2,1318156.0,1983
colon_0516-prone.mha,1,1037503.0,2966
colon_0422-prone.mha,1,1310391.0,4114
colon_0804-prone.mha,1,1069976.0,3393
colon_0804-prone.mha,2,646716.0,765
colon_0147-prone.mha,1,2017069.0,3762
colon_0309-supine.mha,1,187540.0,517
colon_0309-supine.mha,2,1408554.0,7301
colon_0732-supine.mha,1,2163341.0,8602
colon_0048-prone.mha,1,1017271.0,3097
colon_0138-supine.mha,1,2362340.0,10362
colon_0386-prone.mha,1,559915.0,1406
colon_0386-prone.mha,2,1064515.0,2998
colon_0386-prone.mha,3,535214.0,1155
colon_0662-prone.mha,1,1414235.0,6535
colon_0750-supine.mha,1,295286.0,1407
colon_0750-supine.mha,2,1565638.0,2834
colon_0774-prone.mha,1,711084.0,996
colon_0774-prone.mha,2,188105.0,740
colon_0774-prone.mha,3,15268.0,295
colon_0715-supine.mha,1,3097032.0,2863
colon_0715-supine.mha,2,47826.0,1966
colon_0715-supine.mha,3,1185.0,68
colon_0539-supine.mha,1,1671848.0,2340
colon_0537-supine.mha,1,1804546.0,5995
colon_0533-supine.mha,1,141419.0,468
colon_0533-supine.mha,2,1122489.0,1953
colon_0417-prone.mha,1,482704.0,1500
colon_0417-prone.mha,2,2300920.0,3955
colon_0417-prone.mha,3,1654.0,33
colon_0510-supine.mha,1,364571.0,2997
colon_0510-supine.mha,2,1316099.0,2618
colon_0609-supine.mha,1,351851.0,759
colon_0609-supine.mha,2,710691.0,2327
colon_0609-supine.mha,3,2603.0,39
colon_0609-supine.mha,4,3816.0,97
colon_0609-supine.mha,5,12082.0,168
colon_0632-prone.mha,1,1929220.0,7597
colon_0724-prone.mha,1,587556.0,1759
colon_0724-prone.mha,2,1178033.0,3750
colon_0013-prone.mha,1,400758.0,534
colon_0013-prone.mha,2,4101.0,26
colon_0013-prone.mha,3,1524696.0,4924
colon_0820-prone.mha,1,1765285.0,4289
colon_0104-prone.mha,1,207081.0,487
colon_0104-prone.mha,2,1768349.0,2059
colon_0104-prone.mha,3,21281.0,62
colon_0104-prone.mha,4,8455.0,7
colon_0650-prone.mha,1,1477912.0,3025
colon_0797-prone.mha,1,784136.0,2388
colon_0797-prone.mha,2,194354.0,382
colon_0660-prone.mha,1,538644.0,1097
colon_0660-prone.mha,2,247630.0,620
colon_0660-prone.mha,3,2504.0,92
colon_0660-prone.mha,4,5278.0,84
colon_0704-supine.mha,1,2253294.0,7041
colon_0028-prone.mha,1,70433.0,409
colon_0028-prone.mha,2,5977.0,138
colon_0028-prone.mha,3,4000.0,102
colon_0512-prone.mha,1,2217140.0,3640
colon_0722-prone.mha,1,1374843.0,3599
colon_0239-prone.mha,1,1342321.0,5376
colon_0667-supine.mha,1,1581653.0,5506
colon_0673-prone.mha,1,2488165.0,2949
colon_0673-prone.mha,2,335197.0,407
colon_0345-prone.mha,1,1085692.0,2597
colon_0345-prone.mha,2,7650.0,578
colon_0345-prone.mha,3,391223.0,1976
colon_0345-prone.mha,4,8463.0,62
colon_0019-supine.mha,1,1760277.0,2176
colon_0036-supine.mha,1,18859.0,65
colon_0036-supine.mha,2,19970.0,14
colon_0036-supine.mha,3,6884.0,47
colon_0036-supine.mha,4,1653767.0,2576
colon_0036-supine.mha,5,1773.0,10
colon_0036-supine.mha,6,335414.0,748
colon_0036-supine.mha,7,1304.0,1
colon_0036-supine.mha,8,2699.0,11
colon_0036-supine.mha,9,49404.0,101
colon_0036-supine.mha,10,31391.0,70
colon_0466-prone.mha,1,1713547.0,2188
colon_0671-supine.mha,1,229225.0,723
colon_0671-supine.mha,2,998174.0,6843
colon_0522-supine.mha,1,1609029.0,4480
colon_0101-prone.mha,1,1710845.0,1880
colon_0188-supine.mha,1,131021.0,453
colon_0188-supine.mha,2,99516.0,310
colon_0188-supine.mha,3,171181.0,379
colon_0188-supine.mha,4,136650.0,318
colon_0188-supine.mha,5,52424.0,102
colon_0188-supine.mha,6,5050.0,30
colon_0188-supine.mha,7,2236.0,22
colon_0255-prone.mha,1,1868534.0,8710
colon_0736-supine.mha,1,53467.0,202
colon_0736-supine.mha,2,921250.0,2292
colon_0736-supine.mha,3,46194.0,103
colon_0396-prone.mha,1,294825.0,408
colon_0396-prone.mha,2,595333.0,835
colon_0396-prone.mha,3,297987.0,579
colon_0485-prone.mha,1,1474654.0,4124
colon_0691-supine.mha,1,375663.0,4393
colon_0691-supine.mha,2,7470.0,72
colon_0691-supine.mha,3,1131098.0,2585
colon_0821-supine.mha,1,3296310.0,11891
colon_0254-prone.mha,1,804024.0,1537
colon_0254-prone.mha,2,2827.0,68
colon_0254-prone.mha,3,514993.0,656
colon_0622-prone.mha,1,1167400.0,2034
colon_0238-supine.mha,1,96401.0,230
colon_0238-supine.mha,2,119392.0,253
colon_0238-supine.mha,3,817959.0,1176
colon_0238-supine.mha,4,1163.0,25
colon_0206-prone.mha,1,523952.0,1367
colon_0206-prone.mha,2,4241.0,362
colon_0206-prone.mha,3,215451.0,544
colon_0206-prone.mha,4,94626.0,199
colon_0206-prone.mha,5,3479.0,25
colon_0111-prone.mha,1,1780113.0,4339
colon_0111-prone.mha,2,2119.0,43
colon_0418-prone.mha,1,1559826.0,2822
colon_0810-prone.mha,1,1744286.0,3584
colon_0281-prone.mha,1,1026114.0,7426
colon_0250-prone.mha,1,2452867.0,4806
colon_0290-supine.mha,1,1995992.0,4422
colon_0706-prone.mha,1,2447282.0,2736
colon_0567-prone.mha,1,1534545.0,3147
colon_0196-prone.mha,1,1374757.0,6944
colon_0814-prone.mha,1,164787.0,449
colon_0814-prone.mha,2,13530.0,149
colon_0814-prone.mha,3,35491.0,409
colon_0814-prone.mha,4,274834.0,509
colon_0814-prone.mha,5,396710.0,503
colon_0814-prone.mha,6,11024.0,193
colon_0674-supine.mha,1,1964812.0,4802
colon_0128-prone.mha,1,1923173.0,2298
colon_0128-prone.mha,2,2126.0,31
colon_0496-prone.mha,1,205271.0,251
colon_0496-prone.mha,2,17641.0,94
colon_0496-prone.mha,3,22862.0,113
colon_0496-prone.mha,4,968803.0,1518
colon_0496-prone.mha,5,13746.0,3
colon_0496-prone.mha,6,22616.0,321
colon_0288-prone.mha,1,394151.0,1209
colon_0288-prone.mha,2,1476239.0,1939
colon_0570-supine.mha,1,2891399.0,5343
colon_0340-supine.mha,1,2248593.0,2281
colon_0098-prone.mha,1,1707972.0,2372
colon_0136-supine.mha,1,1210267.0,4271
colon_0088-prone.mha,1,2210246.0,2683
colon_0753-prone.mha,1,1793749.0,3962
colon_0788-supine.mha,1,1292312.0,2316
colon_0403-supine.mha,1,1664814.0,4806
colon_0739-prone.mha,1,1547361.0,13878
colon_0016-prone.mha,1,703115.0,1427
colon_0016-prone.mha,2,804370.0,1718
colon_0577-supine.mha,1,1521723.0,3090
colon_0378-prone.mha,1,1562540.0,5224
colon_0213-supine.mha,1,3945127.0,5359
colon_0119-supine.mha,1,36416.0,270
colon_0119-supine.mha,2,1049185.0,2875
colon_0308-prone.mha,1,369959.0,1019
colon_0308-prone.mha,2,666820.0,1550
colon_0308-prone.mha,3,13006.0,59
colon_0308-prone.mha,4,2669.0,123
colon_0047-prone.mha,1,430515.0,1025
colon_0047-prone.mha,2,1643901.0,2186
colon_0493-prone.mha,1,2191701.0,11856
colon_0262-supine.mha,1,2400604.0,5726
colon_0607-prone.mha,1,1168611.0,1703
colon_0595-supine.mha,1,171832.0,1205
colon_0595-supine.mha,2,11769.0,43
colon_0595-supine.mha,3,928370.0,2268
colon_0595-supine.mha,4,1749.0,2
colon_0595-supine.mha,5,3951.0,57
colon_0595-supine.mha,6,7390.0,58
colon_0595-supine.mha,7,3102.0,38
colon_0595-supine.mha,8,7805.0,30
colon_0702-supine.mha,1,441611.0,3077
colon_0702-supine.mha,2,965107.0,962
colon_0171-supine.mha,1,1361774.0,2929
colon_0375-prone.mha,1,700456.0,3072
colon_0059-prone.mha,1,1329922.0,2129
colon_0385-prone.mha,1,1680428.0,1876
colon_0253-prone.mha,1,216591.0,436
colon_0253-prone.mha,2,23740.0,43
colon_0253-prone.mha,3,520620.0,839
colon_0253-prone.mha,4,202183.0,340
colon_0452-prone.mha,1,276263.0,3663
colon_0452-prone.mha,2,45481.0,193
colon_0452-prone.mha,3,764249.0,2523
colon_0157-prone.mha,1,1357762.0,1607
colon_0748-prone.mha,1,1485794.0,10190
colon_0205-prone.mha,1,1385248.0,3880
colon_0205-prone.mha,2,807447.0,957
colon_0095-supine.mha,1,2388015.0,4651
colon_0067-supine.mha,1,53694.0,214
colon_0067-supine.mha,2,62326.0,395
colon_0067-supine.mha,3,4871.0,20
colon_0067-supine.mha,4,499699.0,3446
colon_0067-supine.mha,5,1239.0,35
colon_0067-supine.mha,6,33854.0,260
colon_0067-supine.mha,7,19485.0,115
colon_0067-supine.mha,8,6362.0,21
colon_0154-supine.mha,1,2131723.0,3569
colon_0512-supine.mha,1,2224377.0,2578
colon_0643-supine.mha,1,2095216.0,3917
colon_0011-prone.mha,1,742374.0,2121
colon_0011-prone.mha,2,566286.0,1189
colon_0653-prone.mha,1,1492394.0,3965
colon_0526-prone.mha,1,1765415.0,2962
colon_0035-prone.mha,1,144779.0,158
colon_0035-prone.mha,2,30392.0,77
colon_0035-prone.mha,3,185820.0,1596
colon_0035-prone.mha,4,31277.0,172
colon_0035-prone.mha,5,21360.0,347
colon_0035-prone.mha,6,19861.0,575
colon_0035-prone.mha,7,155240.0,406
colon_0035-prone.mha,8,530625.0,21275
colon_0715-prone.mha,1,1572996.0,1861
colon_0715-prone.mha,2,1065909.0,980
colon_0189-prone.mha,1,2170879.0,2238
colon_0227-prone.mha,1,705656.0,1500
colon_0227-prone.mha,2,468608.0,1808
colon_0227-prone.mha,3,1807.0,11
colon_0061-supine.mha,1,1523151.0,2248
colon_0610-supine.mha,1,1625484.0,3092
colon_0428-prone.mha,1,324529.0,398
colon_0428-prone.mha,2,1494827.0,4694
colon_0659-supine.mha,1,1938274.0,6699
colon_0235-supine.mha,1,1803884.0,1916
colon_0586-supine.mha,1,30648.0,18
colon_0586-supine.mha,2,1151438.0,2342
colon_0586-supine.mha,3,11728.0,69
colon_0701-prone.mha,1,1695033.0,3160
colon_0270-supine.mha,1,1867978.0,4896
colon_0376-supine.mha,1,230333.0,1306
colon_0376-supine.mha,2,1142931.0,1516
colon_0376-supine.mha,3,1615.0,20
colon_0076-prone.mha,1,1979410.0,3945
colon_0644-prone.mha,1,361349.0,766
colon_0644-prone.mha,2,1568240.0,6177
colon_0644-prone.mha,3,9121.0,178
colon_0676-supine.mha,1,3051430.0,4232
colon_0777-prone.mha,1,1176603.0,1780
colon_0766-supine.mha,1,244992.0,2398
colon_0766-supine.mha,2,1422991.0,2645
colon_0562-supine.mha,1,1781994.0,4250
colon_0734-prone.mha,1,922949.0,1643
colon_0734-prone.mha,2,388234.0,849
colon_0435-supine.mha,1,291967.0,2433
colon_0435-supine.mha,2,1411410.0,22789
colon_0567-supine.mha,1,120063.0,376
colon_0567-supine.mha,2,108835.0,639
colon_0567-supine.mha,3,5660.0,91
colon_0567-supine.mha,4,5351.0,62
colon_0567-supine.mha,5,1055178.0,1927
colon_0361-supine.mha,1,1728113.0,3093
colon_0591-supine.mha,1,2960494.0,6477
colon_0034-prone.mha,1,4280503.0,3656
colon_0233-prone.mha,1,2712940.0,4774
colon_0513-supine.mha,1,2080259.0,3717
colon_0381-prone.mha,1,2029043.0,3496
colon_0434-supine.mha,1,1826920.0,3219
colon_0388-prone.mha,1,1991343.0,3185
colon_0388-prone.mha,2,20909.0,64
colon_0518-prone.mha,1,848559.0,1508
colon_0518-prone.mha,2,10512.0,529
colon_0518-prone.mha,3,748496.0,669
colon_0518-prone.mha,4,674512.0,1029
colon_0287-supine.mha,1,547864.0,1416
colon_0287-supine.mha,2,1212956.0,1835
colon_0767-prone.mha,1,1476010.0,2414
colon_0311-supine.mha,1,145102.0,361
colon_0311-supine.mha,2,735310.0,1659
colon_0311-supine.mha,3,15208.0,56
colon_0311-supine.mha,4,15205.0,82
colon_0804-supine.mha,1,1742204.0,4503
colon_0139-supine.mha,1,2478209.0,2514
colon_0635-prone.mha,1,699600.0,2263
colon_0635-prone.mha,2,1125352.0,1646
colon_0014-supine.mha,1,1431134.0,3611
colon_0157-supine.mha,1,232082.0,372
colon_0157-supine.mha,2,943156.0,929
colon_0157-supine.mha,3,8808.0,112
colon_0608-supine.mha,1,1014263.0,2802
colon_0608-supine.mha,2,39096.0,239
colon_0608-supine.mha,3,5166.0,95
colon_0720-supine.mha,1,216744.0,420
colon_0720-supine.mha,2,1526486.0,2738
colon_0426-supine.mha,1,2146216.0,4747
colon_0118-prone.mha,1,2207180.0,7541
colon_0470-prone.mha,1,1560065.0,3520
colon_0022-prone.mha,1,2936402.0,11482
colon_0383-supine.mha,1,82621.0,331
colon_0383-supine.mha,2,1420212.0,1382
colon_0383-supine.mha,3,77237.0,287
colon_0383-supine.mha,4,7933.0,64
colon_0383-supine.mha,5,66593.0,333
colon_0620-prone.mha,1,2298353.0,2815
colon_0780-prone.mha,1,3001585.0,3427
colon_0796-supine.mha,1,1309426.0,5113
colon_0401-prone.mha,1,217276.0,1065
colon_0401-prone.mha,2,385281.0,548
colon_0401-prone.mha,3,464464.0,633
colon_0401-prone.mha,4,23847.0,34
colon_0806-supine.mha,1,2542383.0,7809
colon_0763-prone.mha,1,1116383.0,2948
colon_0588-prone.mha,1,926340.0,4350
colon_0706-supine.mha,1,2299208.0,2611
colon_0785-supine.mha,1,1500485.0,2289
colon_0470-supine.mha,1,1730460.0,4824
colon_0039-prone.mha,1,195230.0,480
colon_0039-prone.mha,2,6034.0,84
colon_0039-prone.mha,3,930498.0,1723
colon_0471-prone.mha,1,2515697.0,4411
colon_0319-supine.mha,1,1600703.0,2854
colon_0743-supine.mha,1,1927347.0,8142
colon_0743-supine.mha,2,1719.0,64
colon_0772-supine.mha,1,87774.0,167
colon_0772-supine.mha,2,1727375.0,2213
colon_0478-prone.mha,1,438822.0,852
colon_0478-prone.mha,2,783904.0,867
colon_0743-prone.mha,1,525179.0,1364
colon_0743-prone.mha,2,227274.0,694
colon_0743-prone.mha,3,376018.0,902
colon_0743-prone.mha,4,20872.0,106
colon_0743-prone.mha,5,2600.0,44
colon_0367-prone.mha,1,1988213.0,3833
colon_0272-prone.mha,1,884674.0,2392
colon_0272-prone.mha,2,123920.0,472
colon_0272-prone.mha,3,109539.0,696
colon_0510-prone.mha,1,615488.0,6204
colon_0510-prone.mha,2,925498.0,2621
colon_0433-prone.mha,1,1776342.0,3402
colon_0248-prone.mha,1,1665970.0,5778
colon_0487-supine.mha,1,1616671.0,4506
colon_0574-supine.mha,1,2432841.0,8340
colon_0353-prone.mha,1,2780052.0,2931
colon_0200-prone.mha,1,1060602.0,1980
colon_0200-prone.mha,2,445995.0,969
colon_0817-prone.mha,1,1746953.0,3604
colon_0766-prone.mha,1,1715025.0,6957
colon_0681-supine.mha,1,275802.0,2309
colon_0681-supine.mha,2,9806.0,256
colon_0681-supine.mha,3,585353.0,1981
colon_0681-supine.mha,4,3349.0,54
colon_0501-prone.mha,1,659794.0,1786
colon_0501-prone.mha,2,589177.0,1259
colon_0355-prone.mha,1,734119.0,1478
colon_0355-prone.mha,2,613844.0,1190
colon_0355-prone.mha,3,244722.0,418
colon_0457-prone.mha,1,1975273.0,4131
colon_0142-prone.mha,1,2078068.0,3452
colon_0204-supine.mha,1,37654.0,99
colon_0204-supine.mha,2,172500.0,288
colon_0204-supine.mha,3,138077.0,516
colon_0204-supine.mha,4,97834.0,298
colon_0204-supine.mha,5,107832.0,312
colon_0204-supine.mha,6,2099.0,4
colon_0330-supine.mha,1,66942.0,178
colon_0330-supine.mha,2,17439.0,87
colon_0330-supine.mha,3,1055011.0,2311
colon_0330-supine.mha,4,54321.0,187
colon_0577-prone.mha,1,288036.0,745
colon_0577-prone.mha,2,12933.0,123
colon_0577-prone.mha,3,21582.0,38
colon_0577-prone.mha,4,342844.0,2932
colon_0577-prone.mha,5,221814.0,557
colon_0577-prone.mha,6,148077.0,343
colon_0467-prone.mha,1,2344689.0,8681
colon_0332-prone.mha,1,1545890.0,2783
colon_0116-prone.mha,1,461003.0,555
colon_0116-prone.mha,2,148375.0,581
colon_0116-prone.mha,3,156212.0,651
colon_0116-prone.mha,4,678032.0,1678
colon_0116-prone.mha,5,127324.0,599
colon_0484-supine.mha,1,124183.0,683
colon_0484-supine.mha,2,540238.0,1470
colon_0484-supine.mha,3,26940.0,249
colon_0484-supine.mha,4,33353.0,137
colon_0148-supine.mha,1,1481681.0,4500
colon_0148-supine.mha,2,1563.0,32
colon_0295-supine.mha,1,31153.0,219
colon_0295-supine.mha,2,1879939.0,3465
colon_0370-supine.mha,1,1576456.0,3072
colon_0370-supine.mha,2,889094.0,3291
colon_0800-prone.mha,1,1384024.0,4714
colon_0765-prone.mha,1,152765.0,311
colon_0765-prone.mha,2,211063.0,482
colon_0765-prone.mha,3,318831.0,464
colon_0430-supine.mha,1,1988762.0,5302
colon_0755-supine.mha,1,66711.0,407
colon_0755-supine.mha,2,942044.0,2422
colon_0179-supine.mha,1,1772646.0,2609
colon_0669-supine.mha,1,2066876.0,4182
colon_0537-prone.mha,1,398019.0,754
colon_0537-prone.mha,2,56190.0,47
colon_0537-prone.mha,3,26975.0,119
colon_0537-prone.mha,4,434957.0,850
colon_0537-prone.mha,5,559053.0,2333
colon_0581-supine.mha,1,3650288.0,6905
colon_0794-supine.mha,1,831315.0,3158
colon_0794-supine.mha,2,149348.0,2652
colon_0170-prone.mha,1,2364948.0,6631
colon_0170-prone.mha,2,2957.0,68
colon_0170-prone.mha,3,8214.0,39
colon_0419-supine.mha,1,420082.0,883
colon_0419-supine.mha,2,1432301.0,1932
colon_0419-supine.mha,3,5940.0,128
colon_0400-supine.mha,1,2650078.0,3117
colon_0227-supine.mha,1,1369606.0,2154
colon_0391-prone.mha,1,2178588.0,5699
colon_0038-supine.mha,1,1567362.0,2559
colon_0324-supine.mha,1,469067.0,858
colon_0324-supine.mha,2,833156.0,1892
colon_0324-supine.mha,3,59948.0,683
colon_0324-supine.mha,4,3913.0,81
colon_0418-supine.mha,1,1902635.0,4705
colon_0118-supine.mha,1,2182217.0,5316
colon_0781-supine.mha,1,286148.0,440
colon_0781-supine.mha,2,2624615.0,3752
colon_0070-prone.mha,1,512531.0,590
colon_0070-prone.mha,2,4534.0,84
colon_0070-prone.mha,3,3320.0,55
colon_0070-prone.mha,4,973796.0,2649
colon_0179-prone.mha,1,1677495.0,3501
colon_0465-supine.mha,1,2430761.0,5993
colon_0166-prone.mha,1,707340.0,2525
colon_0166-prone.mha,2,563092.0,411
colon_0676-prone.mha,1,2757407.0,10600
colon_0371-prone.mha,1,1236009.0,2463
colon_0803-prone.mha,1,132107.0,1001
colon_0803-prone.mha,2,45822.0,349
colon_0803-prone.mha,3,45799.0,97
colon_0803-prone.mha,4,165645.0,803
colon_0803-prone.mha,5,21978.0,104
colon_0803-prone.mha,6,58791.0,151
colon_0803-prone.mha,7,177966.0,315
colon_0081-supine.mha,1,115100.0,310
colon_0081-supine.mha,2,1071564.0,2081
colon_0137-prone.mha,1,1317317.0,2590
colon_0137-prone.mha,2,4952.0,396
colon_0137-prone.mha,3,2199.0,135
colon_0794-prone.mha,1,599693.0,1889
colon_0794-prone.mha,2,171274.0,798
colon_0057-prone.mha,1,1537394.0,2186
colon_0356-prone.mha,1,859530.0,1339
colon_0356-prone.mha,2,64109.0,120
colon_0356-prone.mha,3,590964.0,772
colon_0390-prone.mha,1,313411.0,531
colon_0390-prone.mha,2,321928.0,694
colon_0390-prone.mha,3,747841.0,3388
colon_0390-prone.mha,4,66876.0,285
colon_0760-supine.mha,1,22525.0,2281
colon_0760-supine.mha,2,135012.0,554
colon_0760-supine.mha,3,1136610.0,3369
colon_0308-supine.mha,1,253228.0,2067
colon_0308-supine.mha,2,560843.0,1312
colon_0308-supine.mha,3,2133.0,147
colon_0619-prone.mha,1,866137.0,2298
colon_0210-supine.mha,1,109479.0,268
colon_0210-supine.mha,2,1877039.0,10051
colon_0606-supine.mha,1,191077.0,509
colon_0606-supine.mha,2,1421693.0,3829
colon_0606-supine.mha,3,1090.0,3
colon_0688-prone.mha,1,2034854.0,2517
colon_0529-prone.mha,1,349826.0,937
colon_0529-prone.mha,2,953239.0,3714
colon_0529-prone.mha,3,1525.0,13
colon_0529-prone.mha,4,30811.0,72
colon_0529-prone.mha,5,45248.0,139
colon_0724-supine.mha,1,2091908.0,8101
colon_0503-supine.mha,1,2275060.0,2268
colon_0212-prone.mha,1,259132.0,422
colon_0212-prone.mha,2,2397.0,82
colon_0212-prone.mha,3,225406.0,762
colon_0212-prone.mha,4,4290.0,82
colon_0212-prone.mha,5,1652.0,3
colon_0076-supine.mha,1,2361541.0,7854
colon_0384-prone.mha,1,2236532.0,8009
colon_0042-prone.mha,1,149115.0,1049
colon_0042-prone.mha,2,1251106.0,4706
colon_0214-prone.mha,1,2728112.0,9719
colon_0645-supine.mha,1,1756259.0,3748
colon_0645-supine.mha,2,3894.0,32
colon_0645-supine.mha,3,3630.0,51
colon_0048-supine.mha,1,1421518.0,3852
colon_0316-prone.mha,1,1457622.0,3912
colon_0266-supine.mha,1,2851051.0,6601
colon_0717-supine.mha,1,1210150.0,3149
colon_0104-supine.mha,1,2214013.0,2836
colon_0165-prone.mha,1,1812982.0,2942
colon_0053-prone.mha,1,1776564.0,2467
colon_0216-supine.mha,1,497373.0,1414
colon_0216-supine.mha,2,1231276.0,1249
colon_0508-supine.mha,1,57303.0,572
colon_0508-supine.mha,2,3661836.0,11281
colon_0623-prone.mha,1,1573646.0,2220
colon_0007-supine.mha,1,1819917.0,4811
colon_0539-prone.mha,1,1668709.0,2597
colon_0117-prone.mha,1,136732.0,2346
colon_0117-prone.mha,2,1611465.0,3694
colon_0249-prone.mha,1,2333122.0,4289
colon_0407-supine.mha,1,2171226.0,9294
colon_0135-supine.mha,1,2376773.0,7682
colon_0182-supine.mha,1,1707970.0,2276
colon_0126-prone.mha,1,703925.0,1796
colon_0446-prone.mha,1,707155.0,940
colon_0446-prone.mha,2,3942.0,100
colon_0446-prone.mha,3,1171111.0,1822
colon_0446-prone.mha,4,687765.0,621
colon_0102-supine.mha,1,566490.0,2897
colon_0030-supine.mha,1,9015.0,6
colon_0030-supine.mha,2,915614.0,2839
colon_0030-supine.mha,3,303363.0,557
colon_0030-supine.mha,4,14028.0,146
colon_0292-prone.mha,1,1608793.0,1848
colon_0266-prone.mha,1,1329157.0,1445
colon_0266-prone.mha,2,1040353.0,1204
colon_0232-supine.mha,1,704081.0,6538
colon_0232-supine.mha,2,1606921.0,2414
colon_0150-supine.mha,1,59886.0,157
colon_0150-supine.mha,2,1449.0,26
colon_0150-supine.mha,3,569585.0,2423
colon_0150-supine.mha,4,4038.0,407
colon_0150-supine.mha,5,25416.0,196
colon_0592-prone.mha,1,410835.0,777
colon_0592-prone.mha,2,379561.0,617
colon_0592-prone.mha,3,302755.0,901
colon_0409-prone.mha,1,1471712.0,6667
colon_0540-supine.mha,1,1647402.0,6007
colon_0550-supine.mha,1,2201960.0,3608
colon_0821-prone.mha,1,893153.0,1370
colon_0821-prone.mha,2,1096250.0,2492
colon_0821-prone.mha,3,361979.0,268
colon_0520-prone.mha,1,429002.0,2101
colon_0520-prone.mha,2,1301091.0,3087
colon_0101-supine.mha,1,1971221.0,2735
colon_0260-prone.mha,1,1355806.0,2609
colon_0242-supine.mha,1,209643.0,576
colon_0242-supine.mha,2,1240.0,22
colon_0242-supine.mha,3,9873.0,118
colon_0242-supine.mha,4,1097644.0,1476
colon_0032-supine.mha,1,5890.0,389
colon_0032-supine.mha,2,85877.0,198
colon_0032-supine.mha,3,103324.0,261
colon_0032-supine.mha,4,686676.0,1205
colon_0614-supine.mha,1,3778.0,124
colon_0614-supine.mha,2,923545.0,8307
colon_0115-prone.mha,1,505432.0,3256
colon_0115-prone.mha,2,36374.0,9
colon_0115-prone.mha,3,216812.0,623
colon_0115-prone.mha,4,166162.0,259
colon_0553-prone.mha,1,1806955.0,4234
colon_0612-supine.mha,1,1449704.0,5346
colon_0579-prone.mha,1,159975.0,416
colon_0579-prone.mha,2,8629.0,60
colon_0579-prone.mha,3,1004568.0,1759
colon_0579-prone.mha,4,10988.0,67
colon_0116-supine.mha,1,2480463.0,7529
colon_0324-prone.mha,1,296690.0,348
colon_0324-prone.mha,2,21553.0,110
colon_0324-prone.mha,3,28613.0,170
colon_0324-prone.mha,4,334678.0,777
colon_0324-prone.mha,5,210658.0,615
colon_0515-prone.mha,1,1354832.0,9263
colon_0202-prone.mha,1,1860163.0,3968
colon_0156-supine.mha,1,2213367.0,6079
colon_0492-supine.mha,1,271680.0,3045
colon_0492-supine.mha,2,215227.0,247
colon_0492-supine.mha,3,1394232.0,2525
colon_0700-supine.mha,1,1820482.0,2801
colon_0209-prone.mha,1,1816962.0,5889
colon_0362-prone.mha,1,1483548.0,2837
colon_0131-prone.mha,1,1283275.0,2265
colon_0318-prone.mha,1,1835033.0,6301
colon_0318-prone.mha,2,2659.0,50
colon_0749-supine.mha,1,1755961.0,5797
colon_0105-supine.mha,1,1906530.0,4769
colon_0320-supine.mha,1,641027.0,3784
colon_0320-supine.mha,2,2164679.0,2274
colon_0494-supine.mha,1,2118780.0,3158
colon_0473-prone.mha,1,2578404.0,8753
colon_0380-prone.mha,1,2398362.0,3660
colon_0505-supine.mha,1,1961842.0,5765
colon_0634-prone.mha,1,1567331.0,2710
colon_0339-supine.mha,1,2523319.0,2714
colon_0576-supine.mha,1,49702.0,475
colon_0576-supine.mha,2,1315713.0,1898
colon_0183-supine.mha,1,1901749.0,2537
colon_0683-supine.mha,1,847156.0,5298
colon_0683-supine.mha,2,1696050.0,3749
colon_0689-prone.mha,1,438678.0,3200
colon_0689-prone.mha,2,1543556.0,2374
colon_0443-prone.mha,1,232020.0,8344
colon_0443-prone.mha,2,8140.0,97
colon_0443-prone.mha,3,79394.0,268
colon_0443-prone.mha,4,196521.0,555
colon_0443-prone.mha,5,1004.0,1
colon_0443-prone.mha,6,15536.0,105
colon_0443-prone.mha,7,46398.0,163
colon_0443-prone.mha,8,15475.0,132
colon_0354-prone.mha,1,731799.0,1726
colon_0354-prone.mha,2,330181.0,825
colon_0348-prone.mha,1,1134595.0,4130
colon_0124-supine.mha,1,46661.0,292
colon_0124-supine.mha,2,1058740.0,2246
colon_0124-supine.mha,3,58038.0,145
colon_0648-supine.mha,1,93538.0,3487
colon_0648-supine.mha,2,1373674.0,2654
colon_0789-prone.mha,1,1685234.0,2545
colon_0352-prone.mha,1,589788.0,1448
colon_0352-prone.mha,2,517705.0,2401
colon_0352-prone.mha,3,1984.0,17
colon_0393-prone.mha,1,1298216.0,4160
colon_0579-supine.mha,1,120684.0,370
colon_0579-supine.mha,2,1174436.0,1805
colon_0579-supine.mha,3,22429.0,353
colon_0801-supine.mha,1,330151.0,387
colon_0801-supine.mha,2,1303729.0,8936
colon_0801-supine.mha,3,12678.0,162
colon_0801-supine.mha,4,5632.0,50
colon_0292-supine.mha,1,1724366.0,1851
colon_0394-prone.mha,1,1242927.0,7194
colon_0394-prone.mha,2,525835.0,1683
colon_0394-prone.mha,3,520501.0,2840
colon_0199-supine.mha,1,65388.0,265
colon_0199-supine.mha,2,61137.0,337
colon_0199-supine.mha,3,601582.0,1272
colon_0199-supine.mha,4,67729.0,105
colon_0199-supine.mha,5,405528.0,544
colon_0630-prone.mha,1,1189341.0,2585
colon_0151-supine.mha,1,518908.0,1561
colon_0151-supine.mha,2,919307.0,2208
colon_0274-supine.mha,1,1298000.0,4329
colon_0462-prone.mha,1,2674042.0,4471
colon_0685-prone.mha,1,277848.0,1326
colon_0685-prone.mha,2,495795.0,25680
colon_0685-prone.mha,3,278117.0,1208
colon_0093-supine.mha,1,1345049.0,4067
colon_0093-supine.mha,2,6728.0,230
colon_0103-prone.mha,1,2324768.0,5532
colon_0173-prone.mha,1,802569.0,1297
colon_0173-prone.mha,2,850385.0,1880
colon_0528-prone.mha,1,2650890.0,8904
colon_0517-supine.mha,1,1506159.0,3041
colon_0798-supine.mha,1,2658999.0,5138
colon_0129-prone.mha,1,294529.0,476
colon_0129-prone.mha,2,1261645.0,3157
colon_0422-supine.mha,1,1483100.0,4182
colon_0684-prone.mha,1,451761.0,2145
colon_0684-prone.mha,2,6909.0,167
colon_0684-prone.mha,3,37683.0,59
colon_0684-prone.mha,4,11000.0,217
colon_0701-supine.mha,1,1750454.0,2654
colon_0701-supine.mha,2,2224.0,60
colon_0005-supine.mha,1,1269787.0,6268
colon_0298-prone.mha,1,1634137.0,2551
colon_0504-prone.mha,1,1746200.0,5500
colon_0665-prone.mha,1,1714543.0,2786
colon_0356-supine.mha,1,61124.0,261
colon_0356-supine.mha,2,201485.0,352
colon_0356-supine.mha,3,854808.0,1281
colon_0765-supine.mha,1,189035.0,561
colon_0765-supine.mha,2,732083.0,1160
colon_0163-prone.mha,1,2017905.0,4535
colon_0343-prone.mha,1,361435.0,919
colon_0343-prone.mha,2,1250239.0,3664
colon_0097-supine.mha,1,178092.0,2532
colon_0097-supine.mha,2,8422.0,124
colon_0097-supine.mha,3,124978.0,181
colon_0097-supine.mha,4,15545.0,116
colon_0213-prone.mha,1,4090349.0,6372
colon_0799-supine.mha,1,1382445.0,2317
colon_0301-supine.mha,1,90350.0,425
colon_0301-supine.mha,2,952493.0,2633
colon_0301-supine.mha,3,2683.0,61
colon_0611-prone.mha,1,257976.0,181
colon_0611-prone.mha,2,123019.0,375
colon_0611-prone.mha,3,1236974.0,4050
colon_0334-supine.mha,1,2109924.0,3723
colon_0099-supine.mha,1,1938219.0,4563
colon_0801-prone.mha,1,442045.0,540
colon_0801-prone.mha,2,12311.0,123
colon_0801-prone.mha,3,263392.0,508
colon_0801-prone.mha,4,413039.0,1148
colon_0801-prone.mha,5,29001.0,288
colon_0801-prone.mha,6,91094.0,163
colon_0236-prone.mha,1,330579.0,2675
colon_0236-prone.mha,2,1426192.0,1650
colon_0236-prone.mha,3,143889.0,2174
colon_0236-prone.mha,4,35751.0,49
colon_0236-prone.mha,5,27004.0,56
colon_0392-prone.mha,1,1024315.0,4004
colon_0544-supine.mha,1,1371988.0,4004
colon_0457-supine.mha,1,2240736.0,4766
colon_0584-supine.mha,1,2195596.0,3377
colon_0284-supine.mha,1,1518497.0,2736
colon_0223-supine.mha,1,1883434.0,2636
colon_0393-supine.mha,1,1447512.0,2548
colon_0302-prone.mha,1,1839879.0,2679
colon_0359-prone.mha,1,2634771.0,5508
colon_0293-prone.mha,1,1745954.0,4446
colon_0024-prone.mha,1,1368005.0,4675
colon_0610-prone.mha,1,1693752.0,2655
colon_0411-prone.mha,1,1996346.0,3466
colon_0618-supine.mha,1,1788126.0,2313
colon_0461-supine.mha,1,1943633.0,2380
colon_0053-supine.mha,1,1841642.0,4225
colon_0357-prone.mha,1,200325.0,711
colon_0357-prone.mha,2,1436.0,17
colon_0357-prone.mha,3,360424.0,988
colon_0357-prone.mha,4,524371.0,1062
colon_0502-prone.mha,1,2402012.0,2707
colon_0456-supine.mha,1,1989269.0,2837
colon_0464-prone.mha,1,1857463.0,2054
colon_0656-supine.mha,1,1431586.0,1784
colon_0736-prone.mha,1,309016.0,622
colon_0736-prone.mha,2,621973.0,866
colon_0736-prone.mha,3,326914.0,603
colon_0736-prone.mha,4,5401.0,233
colon_0493-supine.mha,1,3198685.0,10020
colon_0547-supine.mha,1,1517413.0,4983
colon_0447-prone.mha,1,2079559.0,3549
colon_0029-supine.mha,1,307756.0,681
colon_0029-supine.mha,2,626350.0,1060
colon_0029-supine.mha,3,2808107.0,5632
colon_0226-supine.mha,1,116373.0,519
colon_0226-supine.mha,2,27799.0,241
colon_0226-supine.mha,3,953268.0,1313
colon_0226-supine.mha,4,11219.0,160
colon_0226-supine.mha,5,7339.0,98
colon_0226-supine.mha,6,1165.0,15
colon_0536-prone.mha,1,1628753.0,2081
colon_0535-prone.mha,1,800900.0,1908
colon_0408-prone.mha,1,3217120.0,14758
colon_0604-supine.mha,1,1873397.0,1870
colon_0824-prone.mha,1,1769405.0,4142
